cbsa20,state,stab,CBSAName20,pop20,afact
10100,46,SD,"Aberdeen, SD",42287,1
10140,53,WA,"Aberdeen, WA",75636,1
10180,48,TX,"Abilene, TX",176579,1
10220,40,OK,"Ada, OK",38065,1
10300,26,MI,"Adrian, MI",99423,1
10380,72,PR,"Aguadilla-Isabela, PR",310160,1
10420,39,OH,"Akron, OH",702219,1
10460,35,NM,"Alamogordo, NM",67839,1
10500,13,GA,"Albany, GA",148922,1
10540,41,OR,"Albany-Lebanon, OR",128610,1
10580,36,NY,"Albany-Schenectady-Troy, NY",899262,1
10620,37,NC,"Albemarle, NC",62504,1
10660,27,MN,"Albert Lea, MN",30895,1
10700,1,AL,"Albertville, AL",97612,1
10740,35,NM,"Albuquerque, NM",916528,1
10760,1,AL,"Alexander City, AL",51698,1
10780,22,LA,"Alexandria, LA",152192,1
10820,27,MN,"Alexandria, MN",39006,1
10860,48,TX,"Alice, TX",48722,1
10900,34,NJ,"Allentown-Bethlehem-Easton, PA-NJ",109632,0.1272
10900,42,PA,"Allentown-Bethlehem-Easton, PA-NJ",752257,0.8728
10940,26,MI,"Alma, MI",41761,1
10980,26,MI,"Alpena, MI",28907,1
11020,42,PA,"Altoona, PA",122822,1
11060,40,OK,"Altus, OK",24785,1
11100,48,TX,"Amarillo, TX",268691,1
11140,13,GA,"Americus, GA",34163,1
11180,19,IA,"Ames, IA",125252,1
11220,36,NY,"Amsterdam, NY",49532,1
11260,2,AK,"Anchorage, AK",398328,1
11380,48,TX,"Andrews, TX",18610,1
11420,18,IN,"Angola, IN",34435,1
11460,26,MI,"Ann Arbor, MI",372258,1
11500,1,AL,"Anniston-Oxford, AL",116441,1
11540,55,WI,"Appleton, WI",243147,1
11580,12,FL,"Arcadia, FL",33976,1
11620,40,OK,"Ardmore, OK",58149,1
11640,72,PR,"Arecibo, PR",182705,1
11660,5,AR,"Arkadelphia, AR",21446,1
11700,37,NC,"Asheville, NC",469015,1
11740,39,OH,"Ashland, OH",52447,1
11780,39,OH,"Ashtabula, OH",97574,1
11820,41,OR,"Astoria, OR",41072,1
11860,20,KS,"Atchison, KS",16348,1
11900,39,OH,"Athens, OH",62431,1
11940,47,TN,"Athens, TN",53276,1
11980,48,TX,"Athens, TX",82150,1
12020,13,GA,"Athens-Clarke County, GA",215415,1
12060,13,GA,"Atlanta-Sandy Springs-Alpharetta, GA",6089815,1
12100,34,NJ,"Atlantic City-Hammonton, NJ",274534,1
12120,1,AL,"Atmore, AL",36757,1
12140,18,IN,"Auburn, IN",43265,1
12180,36,NY,"Auburn, NY",76248,1
12220,1,AL,"Auburn-Opelika, AL",174241,1
12260,13,GA,"Augusta-Richmond County, GA-SC",416535,0.6817
12260,45,SC,"Augusta-Richmond County, GA-SC",194465,0.3183
12300,23,ME,"Augusta-Waterville, ME",123642,1
12380,27,MN,"Austin, MN",40029,1
12420,48,TX,"Austin-Round Rock-Georgetown, TX",2283371,1
12460,13,GA,"Bainbridge, GA",29367,1
12540,6,CA,"Bakersfield, CA",909235,1
12580,24,MD,"Baltimore-Columbia-Towson, MD",2844510,1
12620,23,ME,"Bangor, ME",152199,1
12660,55,WI,"Baraboo, WI",65763,1
12680,21,KY,"Bardstown, KY",46738,1
12700,25,MA,"Barnstable Town, MA",228996,1
12740,50,VT,"Barre, VT",59807,1
12780,40,OK,"Bartlesville, OK",52455,1
12860,36,NY,"Batavia, NY",58388,1
12900,5,AR,"Batesville, AR",55209,1
12940,22,LA,"Baton Rouge, LA",870569,1
12980,26,MI,"Battle Creek, MI",134310,1
13020,26,MI,"Bay City, MI",103856,1
13060,48,TX,"Bay City, TX",36255,1
13100,31,NE,"Beatrice, NE",21704,1
13140,48,TX,"Beaumont-Port Arthur, TX",397565,1
13180,55,WI,"Beaver Dam, WI",89396,1
13220,54,WV,"Beckley, WV",115079,1
13260,18,IN,"Bedford, IN",45011,1
13300,48,TX,"Beeville, TX",31047,1
13340,39,OH,"Bellefontaine, OH",46150,1
13380,53,WA,"Bellingham, WA",226847,1
13420,27,MN,"Bemidji, MN",46228,1
13460,41,OR,"Bend, OR",198253,1
13500,45,SC,"Bennettsville, SC",26667,1
13540,50,VT,"Bennington, VT",37347,1
13620,33,NH,"Berlin, NH",31268,1
13660,26,MI,"Big Rapids, MI",39714,1
13700,48,TX,"Big Spring, TX",34860,1
13720,51,VA,"Big Stone Gap, VA",39817,1
13740,30,MT,"Billings, MT",184167,1
13780,36,NY,"Binghamton, NY",247138,1
13820,1,AL,"Birmingham-Hoover, AL",1115289,1
13900,38,ND,"Bismarck, ND",133626,1
13940,16,ID,"Blackfoot, ID",47992,1
13980,51,VA,"Blacksburg-Christiansburg, VA",166378,1
14010,17,IL,"Bloomington, IL",170954,1
14020,18,IN,"Bloomington, IN",161039,1
14100,42,PA,"Bloomsburg-Berwick, PA",82863,1
14140,51,VA,"Bluefield, WV-VA",46699,0.4391
14140,54,WV,"Bluefield, WV-VA",59664,0.5609
14160,18,IN,"Bluffton, IN",28180,1
14180,5,AR,"Blytheville, AR",40685,1
14220,22,LA,"Bogalusa, LA",45463,1
14260,16,ID,"Boise City, ID",764718,1
14300,48,TX,"Bonham, TX",35662,1
14380,37,NC,"Boone, NC",54086,1
14420,48,TX,"Borger, TX",20617,1
14460,25,MA,"Boston-Cambridge-Newton, MA-NH",4496567,0.9099
14460,33,NH,"Boston-Cambridge-Newton, MA-NH",445065,0.0901
14500,8,CO,"Boulder, CO",330758,1
14540,21,KY,"Bowling Green, KY",179639,1
14580,30,MT,"Bozeman, MT",118960,1
14620,42,PA,"Bradford, PA",40432,1
14660,27,MN,"Brainerd, MN",96189,1
14700,29,MO,"Branson, MO",56066,1
14720,8,CO,"Breckenridge, CO",31055,1
14740,53,WA,"Bremerton-Silverdale-Port Orchard, WA",275611,1
14780,48,TX,"Brenham, TX",35805,1
14820,37,NC,"Brevard, NC",32986,1
14860,9,CT,"Bridgeport-Stamford-Norwalk, CT",957419,1
15020,28,MS,"Brookhaven, MS",34907,1
15060,41,OR,"Brookings, OR",23446,1
15100,46,SD,"Brookings, SD",34375,1
15140,47,TN,"Brownsville, TN",17864,1
15180,48,TX,"Brownsville-Harlingen, TX",421017,1
15220,48,TX,"Brownwood, TX",38095,1
15260,13,GA,"Brunswick, GA",113495,1
15340,39,OH,"Bucyrus-Galion, OH",42025,1
15380,36,NY,"Buffalo-Cheektowaga, NY",1166902,1
15420,16,ID,"Burley, ID",46268,1
15460,17,IL,"Burlington, IA-IL",6387,0.141
15460,19,IA,"Burlington, IA-IL",38910,0.859
15500,37,NC,"Burlington, NC",171415,1
15540,50,VT,"Burlington-South Burlington, VT",225562,1
15580,30,MT,"Butte-Silver Bow, MT",35133,1
15620,26,MI,"Cadillac, MI",48725,1
15660,13,GA,"Calhoun, GA",57544,1
15680,24,MD,"California-Lexington Park, MD",113777,1
15700,24,MD,"Cambridge, MD",32531,1
15740,39,OH,"Cambridge, OH",38438,1
15780,5,AR,"Camden, AR",27389,1
15820,21,KY,"Campbellsville, KY",37130,1
15860,8,CO,"Ca�on City, CO",48939,1
15940,39,OH,"Canton-Massillon, OH",401574,1
15980,12,FL,"Cape Coral-Fort Myers, FL",760822,1
16020,17,IL,"Cape Girardeau, MO-IL",5240,0.0537
16020,29,MO,"Cape Girardeau, MO-IL",92277,0.9463
16060,17,IL,"Carbondale-Marion, IL",133435,1
16100,35,NM,"Carlsbad-Artesia, NM",62314,1
16140,19,IA,"Carroll, IA",20760,1
16180,32,NV,"Carson City, NV",58639,1
16220,56,WY,"Casper, WY",79955,1
16260,49,UT,"Cedar City, UT",57289,1
16300,19,IA,"Cedar Rapids, IA",276520,1
16340,13,GA,"Cedartown, GA",42853,1
16380,39,OH,"Celina, OH",42528,1
16420,21,KY,"Central City, KY",30928,1
16460,17,IL,"Centralia, IL",37729,1
16500,53,WA,"Centralia, WA",82149,1
16540,42,PA,"Chambersburg-Waynesboro, PA",155932,1
16580,17,IL,"Champaign-Urbana, IL",222538,1
16620,54,WV,"Charleston, WV",258859,1
16660,17,IL,"Charleston-Mattoon, IL",57313,1
16700,45,SC,"Charleston-North Charleston, SC",799636,1
16740,37,NC,"Charlotte-Concord-Gastonia, NC-SC",2249929,0.8457
16740,45,SC,"Charlotte-Concord-Gastonia, NC-SC",410400,0.1543
16820,51,VA,"Charlottesville, VA",221524,1
16860,13,GA,"Chattanooga, TN-GA",151777,0.2698
16860,47,TN,"Chattanooga, TN-GA",410870,0.7302
16940,56,WY,"Cheyenne, WY",100512,1
16980,17,IL,"Chicago-Naperville-Elgin, IL-IN-WI",8730688,0.9077
16980,18,IN,"Chicago-Naperville-Elgin, IL-IN-WI",718663,0.0747
16980,55,WI,"Chicago-Naperville-Elgin, IL-IN-WI",169151,0.0176
17020,6,CA,"Chico, CA",211632,1
17060,39,OH,"Chillicothe, OH",77093,1
17140,18,IN,"Cincinnati, OH-KY-IN",86491,0.0383
17140,21,KY,"Cincinnati, OH-KY-IN",454783,0.2015
17140,39,OH,"Cincinnati, OH-KY-IN",1715610,0.7602
17220,54,WV,"Clarksburg, WV",90434,1
17260,28,MS,"Clarksdale, MS",21390,1
17300,21,KY,"Clarksville, TN-KY",86809,0.2708
17300,47,TN,"Clarksville, TN-KY",233726,0.7292
17340,6,CA,"Clearlake, CA",68163,1
17380,28,MS,"Cleveland, MS",30985,1
17420,47,TN,"Cleveland, TN",126164,1
17460,39,OH,"Cleveland-Elyria, OH",2088251,1
17500,12,FL,"Clewiston, FL",39619,1
17540,19,IA,"Clinton, IA",46460,1
17580,35,NM,"Clovis, NM",48430,1
17620,72,PR,"Coamo, PR",34668,1
17640,72,PR,"Coco, PR",25789,1
17660,16,ID,"Coeur dAlene, ID",171362,1
17700,20,KS,"Coffeyville, KS",31486,1
17740,26,MI,"Coldwater, MI",44862,1
17780,48,TX,"College Station-Bryan, TX",268248,1
17820,8,CO,"Colorado Springs, CO",755105,1
17860,29,MO,"Columbia, MO",210864,1
17900,45,SC,"Columbia, SC",829470,1
17980,1,AL,"Columbus, GA-AL",59183,0.18
17980,13,GA,"Columbus, GA-AL",269700,0.82
18020,18,IN,"Columbus, IN",82208,1
18060,28,MS,"Columbus, MS",58879,1
18100,31,NE,"Columbus, NE",34296,1
18140,39,OH,"Columbus, OH",2138926,1
18180,33,NH,"Concord, NH",153808,1
18220,18,IN,"Connersville, IN",23398,1
18260,47,TN,"Cookeville, TN",113982,1
18300,41,OR,"Coos Bay, OR",64929,1
18380,13,GA,"Cordele, GA",20128,1
18420,28,MS,"Corinth, MS",34740,1
18460,13,GA,"Cornelia, GA",46031,1
18500,36,NY,"Corning, NY",93584,1
18580,48,TX,"Corpus Christi, TX",421933,1
18620,48,TX,"Corsicana, TX",52624,1
18660,36,NY,"Cortland, NY",46809,1
18700,41,OR,"Corvallis, OR",95184,1
18740,39,OH,"Coshocton, OH",36612,1
18780,8,CO,"Craig, CO",13292,1
18820,18,IN,"Crawfordsville, IN",37936,1
18860,6,CA,"Crescent City, CA",27743,1
18880,12,FL,"Crestview-Fort Walton Beach-Destin, FL",286973,1
18900,47,TN,"Crossville, TN",61145,1
18980,1,AL,"Cullman, AL",87866,1
19000,37,NC,"Cullowhee, NC",57226,1
19060,24,MD,"Cumberland, MD-WV",68106,0.7166
19060,54,WV,"Cumberland, MD-WV",26938,0.2834
19100,48,TX,"Dallas-Fort Worth-Arlington, TX",7637387,1
19140,13,GA,"Dalton, GA",142837,1
19180,17,IL,"Danville, IL",74188,1
19220,21,KY,"Danville, KY",54889,1
19260,51,VA,"Danville, VA",103091,1
19300,1,AL,"Daphne-Fairhope-Foley, AL",231767,1
19340,17,IL,"Davenport-Moline-Rock Island, IA-IL",209655,0.5455
19340,19,IA,"Davenport-Moline-Rock Island, IA-IL",174669,0.4545
19420,47,TN,"Dayton, TN",32870,1
19430,39,OH,"Dayton-Kettering, OH",814049,1
19460,1,AL,"Decatur, AL",156494,1
19500,17,IL,"Decatur, IL",103998,1
19540,18,IN,"Decatur, IN",35809,1
19580,39,OH,"Defiance, OH",38286,1
19620,48,TX,"Del Rio, TX",47586,1
19660,12,FL,"Deltona-Daytona Beach-Ormond Beach, FL",668921,1
19700,35,NM,"Deming, NM",25427,1
19740,8,CO,"Denver-Aurora-Lakewood, CO",2963821,1
19760,22,LA,"DeRidder, LA",36549,1
19780,19,IA,"Des Moines-West Des Moines, IA",709466,1
19820,26,MI,"Detroit-Warren-Dearborn, MI",4392041,1
19860,38,ND,"Dickinson, ND",34591,1
19940,17,IL,"Dixon, IL",34145,1
19980,20,KS,"Dodge City, KS",34287,1
20020,1,AL,"Dothan, AL",151007,1
20060,13,GA,"Douglas, GA",51378,1
20100,10,DE,"Dover, DE",181851,1
20140,13,GA,"Dublin, GA",65165,1
20180,42,PA,"DuBois, PA",80562,1
20220,19,IA,"Dubuque, IA",99266,1
20260,27,MN,"Duluth, MN-WI",247343,0.8481
20260,55,WI,"Duluth, MN-WI",44295,0.1519
20300,48,TX,"Dumas, TX",21358,1
20340,40,OK,"Duncan, OK",42848,1
20420,8,CO,"Durango, CO",55638,1
20460,40,OK,"Durant, OK",46067,1
20500,37,NC,"Durham-Chapel Hill, NC",649903,1
20540,47,TN,"Dyersburg, TN",36801,1
20580,48,TX,"Eagle Pass, TX",57887,1
20660,24,MD,"Easton, MD",37526,1
20700,42,PA,"East Stroudsburg, PA",168327,1
20740,55,WI,"Eau Claire, WI",172007,1
20780,8,CO,"Edwards, CO",55731,1
20820,17,IL,"Effingham, IL",34668,1
20900,48,TX,"El Campo, TX",41570,1
20940,6,CA,"El Centro, CA",179702,1
20980,5,AR,"El Dorado, AR",39054,1
21020,37,NC,"Elizabeth City, NC",53573,1
21060,21,KY,"Elizabethtown-Fort Knox, KY",155572,1
21120,40,OK,"Elk City, OK",22410,1
21140,18,IN,"Elkhart-Goshen, IN",207047,1
21180,54,WV,"Elkins, WV",27932,1
21220,32,NV,"Elko, NV",55557,1
21260,53,WA,"Ellensburg, WA",44337,1
21300,36,NY,"Elmira, NY",84148,1
21340,48,TX,"El Paso, TX",868859,1
21380,20,KS,"Emporia, KS",34751,1
21420,40,OK,"Enid, OK",62846,1
21460,1,AL,"Enterprise, AL",53465,1
21500,42,PA,"Erie, PA",270876,1
21540,26,MI,"Escanaba, MI",36903,1
21580,35,NM,"Espa�ola, NM",40363,1
21640,1,AL,"Eufaula, AL-GA",25223,0.9186
21640,13,GA,"Eufaula, AL-GA",2235,0.0814
21660,41,OR,"Eugene-Springfield, OR",382971,1
21700,6,CA,"Eureka-Arcata, CA",136463,1
21740,56,WY,"Evanston, WY",20450,1
21780,18,IN,"Evansville, IN-KY",269256,0.8574
21780,21,KY,"Evansville, IN-KY",44793,0.1426
21820,2,AK,"Fairbanks, AK",95655,1
21840,19,IA,"Fairfield, IA",15663,1
21860,27,MN,"Fairmont, MN",20025,1
21900,54,WV,"Fairmont, WV",56205,1
21980,32,NV,"Fallon, NV",25516,1
22020,27,MN,"Fargo, ND-MN",65318,0.2614
22020,38,ND,"Fargo, ND-MN",184525,0.7386
22060,27,MN,"Faribault-Northfield, MN",67097,1
22100,29,MO,"Farmington, MO",66922,1
22140,35,NM,"Farmington, NM",121661,1
22180,37,NC,"Fayetteville, NC",520378,1
22220,5,AR,"Fayetteville-Springdale-Rogers, AR",546725,1
22260,27,MN,"Fergus Falls, MN",60081,1
22280,32,NV,"Fernley, NV",59235,1
22300,39,OH,"Findlay, OH",74920,1
22340,13,GA,"Fitzgerald, GA",17194,1
22380,4,AZ,"Flagstaff, AZ",145101,1
22420,26,MI,"Flint, MI",406211,1
22500,45,SC,"Florence, SC",199964,1
22520,1,AL,"Florence-Muscle Shoals, AL",150791,1
22540,55,WI,"Fond du Lac, WI",104154,1
22580,37,NC,"Forest City, NC",64444,1
22620,5,AR,"Forrest City, AR",23090,1
22660,8,CO,"Fort Collins, CO",359066,1
22700,19,IA,"Fort Dodge, IA",36999,1
22780,29,MO,"Fort Leonard Wood, MO",53955,1
22800,17,IL,"Fort Madison-Keokuk, IA-IL-MO",17620,0.3048
22800,19,IA,"Fort Madison-Keokuk, IA-IL-MO",33555,0.5804
22800,29,MO,"Fort Madison-Keokuk, IA-IL-MO",6634,0.1148
22820,8,CO,"Fort Morgan, CO",29111,1
22840,1,AL,"Fort Payne, AL",71608,1
22860,22,LA,"Fort Polk South, LA",48750,1
22900,5,AR,"Fort Smith, AR-OK",205029,0.8392
22900,40,OK,"Fort Smith, AR-OK",39281,0.1608
23060,18,IN,"Fort Wayne, IN",419601,1
23140,18,IN,"Frankfort, IN",33190,1
23180,21,KY,"Frankfort, KY",75393,1
23240,48,TX,"Fredericksburg, TX",26725,1
23300,17,IL,"Freeport, IL",44630,1
23340,31,NE,"Fremont, NE",37167,1
23380,39,OH,"Fremont, OH",58896,1
23420,6,CA,"Fresno, CA",1008654,1
23460,1,AL,"Gadsden, AL",103436,1
23500,45,SC,"Gaffney, SC",56216,1
23540,12,FL,"Gainesville, FL",339247,1
23580,13,GA,"Gainesville, GA",203136,1
23620,48,TX,"Gainesville, TX",41668,1
23660,17,IL,"Galesburg, IL",49967,1
23700,35,NM,"Gallup, NM",72902,1
23780,20,KS,"Garden City, KS",42453,1
23820,32,NV,"Gardnerville Ranchos, NV",49488,1
23860,45,SC,"Georgetown, SC",63404,1
23900,42,PA,"Gettysburg, PA",103852,1
23940,56,WY,"Gillette, WY",61045,1
23980,21,KY,"Glasgow, KY",54771,1
24020,36,NY,"Glens Falls, NY",127039,1
24060,8,CO,"Glenwood Springs, CO",79043,1
24100,36,NY,"Gloversville, NY",53324,1
24140,37,NC,"Goldsboro, NC",117333,1
24180,48,TX,"Granbury, TX",61598,1
24220,27,MN,"Grand Forks, ND-MN",31192,0.2989
24220,38,ND,"Grand Forks, ND-MN",73170,0.7011
24260,31,NE,"Grand Island, NE",77038,1
24300,8,CO,"Grand Junction, CO",155703,1
24330,27,MN,"Grand Rapids, MN",45014,1
24340,26,MI,"Grand Rapids-Kentwood, MI",1087592,1
24380,35,NM,"Grants, NM",27172,1
24420,41,OR,"Grants Pass, OR",88090,1
24460,20,KS,"Great Bend, KS",25493,1
24500,30,MT,"Great Falls, MT",84414,1
24540,8,CO,"Greeley, CO",328981,1
24580,55,WI,"Green Bay, WI",328268,1
24620,47,TN,"Greeneville, TN",70152,1
24660,37,NC,"Greensboro-High Point, NC",776566,1
24700,18,IN,"Greensburg, IN",26472,1
24740,28,MS,"Greenville, MS",44922,1
24780,37,NC,"Greenville, NC",170243,1
24820,39,OH,"Greenville, OH",51881,1
24860,45,SC,"Greenville-Anderson, SC",928195,1
24900,28,MS,"Greenwood, MS",38337,1
24940,45,SC,"Greenwood, SC",69351,1
24980,28,MS,"Grenada, MS",21629,1
25020,72,PR,"Guayama, PR",68442,1
25060,28,MS,"Gulfport-Biloxi, MS",416259,1
25100,40,OK,"Guymon, OK",21384,1
25180,24,MD,"Hagerstown-Martinsburg, MD-WV",154705,0.5265
25180,54,WV,"Hagerstown-Martinsburg, MD-WV",139139,0.4735
25200,16,ID,"Hailey, ID",25349,1
25220,22,LA,"Hammond, LA",133157,1
25260,6,CA,"Hanford-Corcoran, CA",152486,1
25300,29,MO,"Hannibal, MO",38880,1
25420,42,PA,"Harrisburg-Carlisle, PA",591712,1
25460,5,AR,"Harrison, AR",44598,1
25500,51,VA,"Harrisonburg, VA",135571,1
25540,9,CT,"Hartford-East Hartford-Middletown, CT",1213531,1
25580,31,NE,"Hastings, NE",31205,1
25620,28,MS,"Hattiesburg, MS",172231,1
25700,20,KS,"Hays, KS",28934,1
25720,49,UT,"Heber, UT",77145,1
25740,30,MT,"Helena, MT",83058,1
25760,5,AR,"Helena-West Helena, AR",16568,1
25780,37,NC,"Henderson, NC",42578,1
25820,48,TX,"Hereford, TX",18583,1
25840,41,OR,"Hermiston-Pendleton, OR",92261,1
25860,37,NC,"Hickory-Lenoir-Morganton, NC",365276,1
25880,26,MI,"Hillsdale, MI",45746,1
25900,15,HI,"Hilo, HI",200629,1
25940,45,SC,"Hilton Head Island-Bluffton, SC",215908,1
25980,13,GA,"Hinesville, GA",81424,1
26020,35,NM,"Hobbs, NM",74455,1
26090,26,MI,"Holland, MI",120502,1
26140,12,FL,"Homosassa Springs, FL",153843,1
26220,41,OR,"Hood River, OR",23977,1
26260,5,AR,"Hope, AR",28375,1
26300,5,AR,"Hot Springs, AR",100180,1
26340,26,MI,"Houghton, MI",39407,1
26380,22,LA,"Houma-Thibodaux, LA",207137,1
26420,48,TX,"Houston-The Woodlands-Sugar Land, TX",7122240,1
26460,36,NY,"Hudson, NY",61570,1
26500,42,PA,"Huntingdon, PA",44092,1
26540,18,IN,"Huntington, IN",36662,1
26580,21,KY,"Huntington-Ashland, WV-KY-OH",110850,0.308
26580,39,OH,"Huntington-Ashland, WV-KY-OH",58240,0.1618
26580,54,WV,"Huntington-Ashland, WV-KY-OH",190772,0.5301
26620,1,AL,"Huntsville, AL",491723,1
26660,48,TX,"Huntsville, TX",76400,1
26700,46,SD,"Huron, SD",20812,1
26740,20,KS,"Hutchinson, KS",61898,1
26780,27,MN,"Hutchinson, MN",36771,1
26820,16,ID,"Idaho Falls, ID",157429,1
26860,42,PA,"Indiana, PA",83246,1
26900,18,IN,"Indianapolis-Carmel-Anderson, IN",2111040,1
26940,28,MS,"Indianola, MS",25971,1
26980,19,IA,"Iowa City, IA",175419,1
27020,26,MI,"Iron Mountain, MI-WI",25947,0.8506
27020,55,WI,"Iron Mountain, MI-WI",4558,0.1494
27060,36,NY,"Ithaca, NY",105740,1
27100,26,MI,"Jackson, MI",160366,1
27140,28,MS,"Jackson, MS",591978,1
27160,39,OH,"Jackson, OH",32653,1
27180,47,TN,"Jackson, TN",180504,1
27220,16,ID,"Jackson, WY-ID",11630,0.3327
27220,56,WY,"Jackson, WY-ID",23331,0.6673
27260,12,FL,"Jacksonville, FL",1605848,1
27300,17,IL,"Jacksonville, IL",37864,1
27340,37,NC,"Jacksonville, NC",204576,1
27380,48,TX,"Jacksonville, TX",50412,1
27420,38,ND,"Jamestown, ND",21593,1
27460,36,NY,"Jamestown-Dunkirk-Fredonia, NY",127657,1
27500,55,WI,"Janesville-Beloit, WI",163687,1
27530,1,AL,"Jasper, AL",65342,1
27540,18,IN,"Jasper, IN",55887,1
27580,72,PR,"Jayuya, PR",14779,1
27600,13,GA,"Jefferson, GA",75907,1
27620,29,MO,"Jefferson City, MO",150309,1
27660,22,LA,"Jennings, LA",32250,1
27700,13,GA,"Jesup, GA",30144,1
27740,47,TN,"Johnson City, TN",207285,1
27780,42,PA,"Johnstown, PA",133472,1
27860,5,AR,"Jonesboro, AR",134196,1
27900,29,MO,"Joplin, MO",181409,1
27940,2,AK,"Juneau, AK",32255,1
27980,15,HI,"Kahului-Wailuku-Lahaina, HI",164754,1
28020,26,MI,"Kalamazoo-Portage, MI",261670,1
28060,30,MT,"Kalispell, MT",104357,1
28100,17,IL,"Kankakee, IL",107502,1
28140,20,KS,"Kansas City, MO-KS",904771,0.4128
28140,29,MO,"Kansas City, MO-KS",1287264,0.5872
28180,15,HI,"Kapaa, HI",73298,1
28260,31,NE,"Kearney, NE",56772,1
28300,33,NH,"Keene, NH",76458,1
28340,18,IN,"Kendallville, IN",47457,1
28380,29,MO,"Kennett, MO",28283,1
28420,53,WA,"Kennewick-Richland, WA",303622,1
28500,48,TX,"Kerrville, TX",52598,1
28540,2,AK,"Ketchikan, AK",13948,1
28580,12,FL,"Key West, FL",82874,1
28620,37,NC,"Kill Devil Hills, NC",36915,1
28660,48,TX,"Killeen-Temple, TX",475367,1
28700,47,TN,"Kingsport-Bristol, TN-VA",214884,0.6986
28700,51,VA,"Kingsport-Bristol, TN-VA",92730,0.3014
28740,36,NY,"Kingston, NY",181851,1
28780,48,TX,"Kingsville, TX",31390,1
28820,37,NC,"Kinston, NC",55122,1
28860,29,MO,"Kirksville, MO",29346,1
28900,41,OR,"Klamath Falls, OR",69413,1
28940,47,TN,"Knoxville, TN",879773,1
29020,18,IN,"Kokomo, IN",83658,1
29060,33,NH,"Laconia, NH",63705,1
29100,27,MN,"La Crosse-Onalaska, WI-MN",18843,0.135
29100,55,WI,"La Crosse-Onalaska, WI-MN",120784,0.865
29180,22,LA,"Lafayette, LA",478384,1
29200,18,IN,"Lafayette-West Lafayette, IN",223716,1
29260,41,OR,"La Grande, OR",26196,1
29300,1,AL,"LaGrange, GA-AL",34772,0.3337
29300,13,GA,"LaGrange, GA-AL",69426,0.6663
29340,22,LA,"Lake Charles, LA",222402,1
29380,12,FL,"Lake City, FL",69698,1
29420,4,AZ,"Lake Havasu City-Kingman, AZ",213267,1
29460,12,FL,"Lakeland-Winter Haven, FL",725046,1
29500,48,TX,"Lamesa, TX",12456,1
29540,42,PA,"Lancaster, PA",552984,1
29620,26,MI,"Lansing-East Lansing, MI",541297,1
29660,56,WY,"Laramie, WY",37066,1
29700,48,TX,"Laredo, TX",267114,1
29740,35,NM,"Las Cruces, NM",219561,1
29780,35,NM,"Las Vegas, NM",31390,1
29820,32,NV,"Las Vegas-Henderson-Paradise, NV",2265461,1
29860,28,MS,"Laurel, MS",83613,1
29900,37,NC,"Laurinburg, NC",34174,1
29940,20,KS,"Lawrence, KS",118785,1
29980,47,TN,"Lawrenceburg, TN",44159,1
30020,40,OK,"Lawton, OK",126652,1
30060,29,MO,"Lebanon, MO",36039,1
30100,33,NH,"Lebanon, NH-VT",134181,0.6066
30100,50,VT,"Lebanon, NH-VT",87030,0.3934
30140,42,PA,"Lebanon, PA",143257,1
30220,48,TX,"Levelland, TX",21537,1
30260,42,PA,"Lewisburg, PA",42681,1
30280,47,TN,"Lewisburg, TN",34318,1
30300,16,ID,"Lewiston, ID-WA",42090,0.6538
30300,53,WA,"Lewiston, ID-WA",22285,0.3462
30340,23,ME,"Lewiston-Auburn, ME",111139,1
30380,42,PA,"Lewistown, PA",46143,1
30420,31,NE,"Lexington, NE",26004,1
30460,21,KY,"Lexington-Fayette, KY",516811,1
30580,20,KS,"Liberal, KS",21964,1
30620,39,OH,"Lima, OH",102206,1
30660,17,IL,"Lincoln, IL",27987,1
30700,31,NE,"Lincoln, NE",340217,1
30780,5,AR,"Little Rock-North Little Rock-Conway, AR",748031,1
30820,42,PA,"Lock Haven, PA",37450,1
30860,16,ID,"Logan, UT-ID",14194,0.0963
30860,49,UT,"Logan, UT-ID",133154,0.9037
30900,18,IN,"Logansport, IN",37870,1
30940,21,KY,"London, KY",149863,1
30980,48,TX,"Longview, TX",286184,1
31020,53,WA,"Longview, WA",110730,1
31060,35,NM,"Los Alamos, NM",19419,1
31080,6,CA,"Los Angeles-Long Beach-Anaheim, CA",13200998,1
31140,18,IN,"Louisville/Jefferson County, KY-IN",269413,0.2096
31140,21,KY,"Louisville/Jefferson County, KY-IN",1016026,0.7904
31180,48,TX,"Lubbock, TX",321368,1
31220,26,MI,"Ludington, MI",29052,1
31260,48,TX,"Lufkin, TX",86395,1
31300,37,NC,"Lumberton, NC",116530,1
31340,51,VA,"Lynchburg, VA",261593,1
31380,17,IL,"Macomb, IL",27238,1
31420,13,GA,"Macon-Bibb County, GA",233802,1
31460,6,CA,"Madera, CA",156255,1
31500,18,IN,"Madison, IN",33147,1
31540,55,WI,"Madison, WI",680796,1
31580,21,KY,"Madisonville, KY",45423,1
31620,5,AR,"Magnolia, AR",22801,1
31660,36,NY,"Malone, NY",47555,1
31680,5,AR,"Malvern, AR",33040,1
31700,33,NH,"Manchester-Nashua, NH",422937,1
31740,20,KS,"Manhattan, KS",134046,1
31820,55,WI,"Manitowoc, WI",81359,1
31860,27,MN,"Mankato, MN",103566,1
31900,39,OH,"Mansfield, OH",124936,1
31930,39,OH,"Marietta, OH",59771,1
31940,26,MI,"Marinette, WI-MI",23502,0.3595
31940,55,WI,"Marinette, WI-MI",41872,0.6405
31980,18,IN,"Marion, IN",66674,1
32000,37,NC,"Marion, NC",44578,1
32020,39,OH,"Marion, OH",65359,1
32100,26,MI,"Marquette, MI",66017,1
32140,27,MN,"Marshall, MN",25269,1
32180,29,MO,"Marshall, MO",23333,1
32260,19,IA,"Marshalltown, IA",40105,1
32280,47,TN,"Martin, TN",32902,1
32300,51,VA,"Martinsville, VA",64433,1
32340,29,MO,"Maryville, MO",21241,1
32380,19,IA,"Mason City, IA",50570,1
32420,72,PR,"Mayag�ez, PR",97605,1
32460,21,KY,"Mayfield, KY",36649,1
32500,21,KY,"Maysville, KY",17120,1
32540,40,OK,"McAlester, OK",43773,1
32580,48,TX,"McAllen-Edinburg-Mission, TX",870781,1
32620,28,MS,"McComb, MS",40324,1
32660,47,TN,"McMinnville, TN",40953,1
32700,20,KS,"McPherson, KS",30223,1
32740,42,PA,"Meadville, PA",83938,1
32780,41,OR,"Medford, OR",223259,1
32820,5,AR,"Memphis, TN-MS-AR",48163,0.036
32820,28,MS,"Memphis, TN-MS-AR",256912,0.192
32820,47,TN,"Memphis, TN-MS-AR",1032704,0.772
32860,55,WI,"Menomonie, WI",45440,1
32900,6,CA,"Merced, CA",281202,1
32940,28,MS,"Meridian, MS",97587,1
33020,29,MO,"Mexico, MO",24962,1
33060,40,OK,"Miami, OK",30285,1
33100,12,FL,"Miami-Fort Lauderdale-Pompano Beach, FL",6138333,1
33140,18,IN,"Michigan City-La Porte, IN",112417,1
33180,21,KY,"Middlesborough, KY",24097,1
33220,26,MI,"Midland, MI",83494,1
33260,48,TX,"Midland, TX",175220,1
33300,13,GA,"Milledgeville, GA",52534,1
33340,55,WI,"Milwaukee-Waukesha, WI",1574731,1
33380,22,LA,"Minden, LA",36967,1
33420,48,TX,"Mineral Wells, TX",28409,1
33460,27,MN,"Minneapolis-St. Paul-Bloomington, MN-WI",3554513,0.9632
33460,55,WI,"Minneapolis-St. Paul-Bloomington, MN-WI",135748,0.0368
33500,38,ND,"Minot, ND",77546,1
33540,30,MT,"Missoula, MT",117922,1
33580,46,SD,"Mitchell, SD",23417,1
33620,29,MO,"Moberly, MO",24716,1
33660,1,AL,"Mobile, AL",430197,1
33700,6,CA,"Modesto, CA",552878,1
33740,22,LA,"Monroe, LA",207104,1
33780,26,MI,"Monroe, MI",154809,1
33860,1,AL,"Montgomery, AL",386047,1
33940,8,CO,"Montrose, CO",47553,1
33980,37,NC,"Morehead City, NC",67686,1
34020,22,LA,"Morgan City, LA",49406,1
34060,54,WV,"Morgantown, WV",140038,1
34100,47,TN,"Morristown, TN",142709,1
34140,16,ID,"Moscow, ID",39517,1
34180,53,WA,"Moses Lake, WA",99123,1
34220,13,GA,"Moultrie, GA",45898,1
34260,5,AR,"Mountain Home, AR",41627,1
34300,16,ID,"Mountain Home, ID",28666,1
34340,37,NC,"Mount Airy, NC",71359,1
34350,54,WV,"Mount Gay-Shamrock, WV",32567,1
34380,26,MI,"Mount Pleasant, MI",64394,1
34420,48,TX,"Mount Pleasant, TX",43711,1
34460,21,KY,"Mount Sterling, KY",46977,1
34500,17,IL,"Mount Vernon, IL",37113,1
34540,39,OH,"Mount Vernon, OH",62721,1
34580,53,WA,"Mount Vernon-Anacortes, WA",129523,1
34620,18,IN,"Muncie, IN",111903,1
34660,21,KY,"Murray, KY",37103,1
34700,19,IA,"Muscatine, IA",43235,1
34740,26,MI,"Muskegon, MI",175824,1
34780,40,OK,"Muskogee, OK",66339,1
34820,37,NC,"Myrtle Beach-Conway-North Myrtle Beach, SC-NC",136693,0.2803
34820,45,SC,"Myrtle Beach-Conway-North Myrtle Beach, SC-NC",351029,0.7197
34860,48,TX,"Nacogdoches, TX",64653,1
34900,6,CA,"Napa, CA",138019,1
34940,12,FL,"Naples-Marco Island, FL",375752,1
34980,47,TN,"Nashville-Davidson--Murfreesboro--Franklin, TN",1989519,1
35020,22,LA,"Natchez, MS-LA",18687,0.3875
35020,28,MS,"Natchez, MS-LA",29538,0.6125
35060,22,LA,"Natchitoches, LA",37515,1
35100,37,NC,"New Bern, NC",122168,1
35140,45,SC,"Newberry, SC",37719,1
35220,18,IN,"New Castle, IN",48914,1
35260,42,PA,"New Castle, PA",86070,1
35300,9,CT,"New Haven-Milford, CT",865924,1
35380,22,LA,"New Orleans-Metairie, LA",1271845,1
35420,39,OH,"New Philadelphia-Dover, OH",93263,1
35440,41,OR,"Newport, OR",50395,1
35460,47,TN,"Newport, TN",35999,1
35580,27,MN,"New Ulm, MN",25912,1
35620,34,NJ,"New York-Newark-Jersey City, NY-NJ-PA",6915597,0.3434
35620,36,NY,"New York-Newark-Jersey City, NY-NJ-PA",13166338,0.6537
35620,42,PA,"New York-Newark-Jersey City, NY-NJ-PA",58535,0.0029
35660,26,MI,"Niles, MI",154316,1
35700,4,AZ,"Nogales, AZ",47669,1
35740,31,NE,"Norfolk, NE",48744,1
35820,31,NE,"North Platte, NE",35791,1
35840,12,FL,"North Port-Sarasota-Bradenton, FL",833716,1
35860,18,IN,"North Vernon, IN",27613,1
35900,37,NC,"North Wilkesboro, NC",65969,1
35940,39,OH,"Norwalk, OH",58565,1
35980,9,CT,"Norwich-New London, CT",268555,1
36020,53,WA,"Oak Harbor, WA",86857,1
36100,12,FL,"Ocala, FL",375908,1
36140,34,NJ,"Ocean City, NJ",95263,1
36220,48,TX,"Odessa, TX",165171,1
36260,49,UT,"Ogden-Clearfield, UT",694863,1
36300,36,NY,"Ogdensburg-Massena, NY",108505,1
36340,42,PA,"Oil City, PA",50454,1
36380,12,FL,"Okeechobee, FL",39644,1
36420,40,OK,"Oklahoma City, OK",1425695,1
36460,36,NY,"Olean, NY",77042,1
36500,53,WA,"Olympia-Lacey-Tumwater, WA",294793,1
36540,19,IA,"Omaha-Council Bluffs, NE-IA",122733,0.1268
36540,31,NE,"Omaha-Council Bluffs, NE-IA",844871,0.8732
36580,36,NY,"Oneonta, NY",58524,1
36620,16,ID,"Ontario, OR-ID",25386,0.4457
36620,41,OR,"Ontario, OR-ID",31571,0.5543
36660,22,LA,"Opelousas, LA",82540,1
36700,45,SC,"Orangeburg, SC",84223,1
36740,12,FL,"Orlando-Kissimmee-Sanford, FL",2673376,1
36780,55,WI,"Oshkosh-Neenah, WI",171730,1
36820,19,IA,"Oskaloosa, IA",22190,1
36830,53,WA,"Othello, WA",20613,1
36837,17,IL,"Ottawa, IL",148539,1
36840,20,KS,"Ottawa, KS",25996,1
36900,19,IA,"Ottumwa, IA",35437,1
36940,27,MN,"Owatonna, MN",37406,1
36980,21,KY,"Owensboro, KY",121559,1
37060,28,MS,"Oxford, MS",55813,1
37100,6,CA,"Oxnard-Thousand Oaks-Ventura, CA",843843,1
37120,1,AL,"Ozark, AL",49326,1
37140,17,IL,"Paducah, KY-IL",14169,0.1436
37140,21,KY,"Paducah, KY-IL",84491,0.8564
37220,32,NV,"Pahrump, NV",51591,1
37260,12,FL,"Palatka, FL",73321,1
37300,48,TX,"Palestine, TX",57922,1
37340,12,FL,"Palm Bay-Melbourne-Titusville, FL",606612,1
37420,48,TX,"Pampa, TX",22054,1
37460,12,FL,"Panama City, FL",175216,1
37500,5,AR,"Paragould, AR",45736,1
37540,47,TN,"Paris, TN",32199,1
37580,48,TX,"Paris, TX",50088,1
37620,54,WV,"Parkersburg-Vienna, WV",89490,1
37660,20,KS,"Parsons, KS",20184,1
37740,4,AZ,"Payson, AZ",53272,1
37770,48,TX,"Pearsall, TX",18385,1
37780,48,TX,"Pecos, TX",14812,1
37800,19,IA,"Pella, IA",33414,1
37860,12,FL,"Pensacola-Ferry Pass-Brent, FL",509905,1
37900,17,IL,"Peoria, IL",402391,1
37940,18,IN,"Peru, IN",35962,1
37980,10,DE,"Philadelphia-Camden-Wilmington, PA-NJ-DE-MD",570719,0.0914
37980,24,MD,"Philadelphia-Camden-Wilmington, PA-NJ-DE-MD",103725,0.0166
37980,34,NJ,"Philadelphia-Camden-Wilmington, PA-NJ-DE-MD",1352476,0.2166
37980,42,PA,"Philadelphia-Camden-Wilmington, PA-NJ-DE-MD",4218131,0.6754
38060,4,AZ,"Phoenix-Mesa-Chandler, AZ",4845832,1
38100,28,MS,"Picayune, MS",56145,1
38180,46,SD,"Pierre, SD",20745,1
38220,5,AR,"Pine Bluff, AR",87751,1
38240,37,NC,"Pinehurst-Southern Pines, NC",99727,1
38260,20,KS,"Pittsburg, KS",38972,1
38300,42,PA,"Pittsburgh, PA",2370930,1
38340,25,MA,"Pittsfield, MA",129026,1
38380,48,TX,"Plainview, TX",32522,1
38420,55,WI,"Platteville, WI",51938,1
38460,36,NY,"Plattsburgh, NY",79843,1
38500,18,IN,"Plymouth, IN",46095,1
38540,16,ID,"Pocatello, ID",94896,1
38580,39,OH,"Point Pleasant, WV-OH",29220,0.5345
38580,54,WV,"Point Pleasant, WV-OH",25453,0.4655
38620,40,OK,"Ponca City, OK",43700,1
38660,72,PR,"Ponce, PR",224142,1
38700,17,IL,"Pontiac, IL",35815,1
38740,29,MO,"Poplar Bluff, MO",52809,1
38780,35,NM,"Portales, NM",19191,1
38820,53,WA,"Port Angeles, WA",77155,1
38860,23,ME,"Portland-South Portland, ME",551740,1
38900,41,OR,"Portland-Vancouver-Hillsboro, OR-WA",1997512,0.7949
38900,53,WA,"Portland-Vancouver-Hillsboro, OR-WA",515347,0.2051
38920,48,TX,"Port Lavaca, TX",20106,1
38940,12,FL,"Port St. Lucie, FL",487657,1
39020,39,OH,"Portsmouth, OH",74008,1
39060,42,PA,"Pottsville, PA",143049,1
39100,36,NY,"Poughkeepsie-Newburgh-Middletown, NY",697221,1
39150,4,AZ,"Prescott Valley-Prescott, AZ",236209,1
39220,49,UT,"Price, UT",20412,1
39260,41,OR,"Prineville, OR",24738,1
39300,25,MA,"Providence-Warwick, RI-MA",579200,0.3455
39300,44,RI,"Providence-Warwick, RI-MA",1097379,0.6545
39340,49,UT,"Provo-Orem, UT",671185,1
39380,8,CO,"Pueblo, CO",168162,1
39420,53,WA,"Pullman, WA",47973,1
39460,12,FL,"Punta Gorda, FL",186847,1
39500,17,IL,"Quincy, IL-MO",65737,0.8676
39500,29,MO,"Quincy, IL-MO",10032,0.1324
39540,55,WI,"Racine, WI",197727,1
39580,37,NC,"Raleigh-Cary, NC",1413982,1
39660,46,SD,"Rapid City, SD",139074,1
39700,48,TX,"Raymondville, TX",20164,1
39740,42,PA,"Reading, PA",428849,1
39780,6,CA,"Red Bluff, CA",65829,1
39820,6,CA,"Redding, CA",182155,1
39860,27,MN,"Red Wing, MN",47582,1
39900,32,NV,"Reno, NV",490596,1
39940,16,ID,"Rexburg, ID",66301,1
39980,18,IN,"Richmond, IN",66553,1
40060,51,VA,"Richmond, VA",1314434,1
40080,21,KY,"Richmond-Berea, KY",106864,1
40100,48,TX,"Rio Grande City-Roma, TX",65920,1
40140,6,CA,"Riverside-San Bernardino-Ontario, CA",4599839,1
40180,56,WY,"Riverton, WY",39234,1
40220,51,VA,"Roanoke, VA",315251,1
40260,37,NC,"Roanoke Rapids, NC",66093,1
40300,17,IL,"Rochelle, IL",51788,1
40340,27,MN,"Rochester, MN",226329,1
40380,36,NY,"Rochester, NY",1090135,1
40420,17,IL,"Rockford, IL",338798,1
40460,37,NC,"Rockingham, NC",42946,1
40530,48,TX,"Rockport, TX",23830,1
40540,56,WY,"Rock Springs, WY",42272,1
40580,37,NC,"Rocky Mount, NC",143870,1
40620,29,MO,"Rolla, MO",44638,1
40660,13,GA,"Rome, GA",98584,1
40700,41,OR,"Roseburg, OR",111201,1
40740,35,NM,"Roswell, NM",65157,1
40760,35,NM,"Ruidoso, NM",20269,1
40780,5,AR,"Russellville, AR",83644,1
40820,22,LA,"Ruston, LA",48396,1
40860,50,VT,"Rutland, VT",60572,1
40900,6,CA,"Sacramento-Roseville-Folsom, CA",2397382,1
40940,4,AZ,"Safford, AZ",38533,1
40980,26,MI,"Saginaw, MI",190124,1
41060,27,MN,"St. Cloud, MN",199671,1
41100,49,UT,"St. George, UT",180279,1
41140,20,KS,"St. Joseph, MO-KS",7510,0.0618
41140,29,MO,"St. Joseph, MO-KS",113957,0.9382
41180,17,IL,"St. Louis, MO-IL",682761,0.2421
41180,29,MO,"St. Louis, MO-IL",2137492,0.7579
41220,13,GA,"St. Marys, GA",54768,1
41260,42,PA,"St. Marys, PA",30990,1
41400,39,OH,"Salem, OH",101877,1
41420,41,OR,"Salem, OR",433353,1
41460,20,KS,"Salina, KS",60038,1
41500,6,CA,"Salinas, CA",439035,1
41540,10,DE,"Salisbury, MD-DE",237378,0.5678
41540,24,MD,"Salisbury, MD-DE",180668,0.4322
41620,49,UT,"Salt Lake City, UT",1257936,1
41660,48,TX,"San Angelo, TX",122888,1
41700,48,TX,"San Antonio-New Braunfels, TX",2558143,1
41740,6,CA,"San Diego-Chula Vista-Carlsbad, CA",3298634,1
41760,16,ID,"Sandpoint, ID",47110,1
41780,39,OH,"Sandusky, OH",75622,1
41820,37,NC,"Sanford, NC",63285,1
41860,6,CA,"San Francisco-Oakland-Berkeley, CA",4749008,1
41900,72,PR,"San Germ�n, PR",125100,1
41940,6,CA,"San Jose-Sunnyvale-Santa Clara, CA",2000468,1
41980,72,PR,"San Juan-Bayam�n-Caguas, PR",2081265,1
42020,6,CA,"San Luis Obispo-Paso Robles, CA",282424,1
42100,6,CA,"Santa Cruz-Watsonville, CA",270861,1
42140,35,NM,"Santa Fe, NM",154823,1
42180,72,PR,"Santa Isabel, PR",20281,1
42200,6,CA,"Santa Maria-Santa Barbara, CA",448229,1
42220,6,CA,"Santa Rosa-Petaluma, CA",488863,1
42300,26,MI,"Sault Ste. Marie, MI",36785,1
42340,13,GA,"Savannah, GA",404798,1
42380,42,PA,"Sayre, PA",59967,1
42420,31,NE,"Scottsbluff, NE",37893,1
42460,1,AL,"Scottsboro, AL",52579,1
42500,18,IN,"Scottsburg, IN",24384,1
42540,42,PA,"Scranton--Wilkes-Barre, PA",567559,1
42620,5,AR,"Searcy, AR",76822,1
42660,53,WA,"Seattle-Tacoma-Bellevue, WA",4018762,1
42680,12,FL,"Sebastian-Vero Beach, FL",159788,1
42700,12,FL,"Sebring-Avon Park, FL",101235,1
42740,29,MO,"Sedalia, MO",42980,1
42780,42,PA,"Selinsgrove, PA",39736,1
42820,1,AL,"Selma, AL",38462,1
42860,45,SC,"Seneca, SC",78607,1
42900,36,NY,"Seneca Falls, NY",33814,1
42940,47,TN,"Sevierville, TN",98380,1
42980,18,IN,"Seymour, IN",46428,1
43020,55,WI,"Shawano, WI",45136,1
43060,40,OK,"Shawnee, OK",72454,1
43100,55,WI,"Sheboygan, WI",118034,1
43140,37,NC,"Shelby, NC",99519,1
43180,47,TN,"Shelbyville, TN",50237,1
43220,53,WA,"Shelton, WA",65726,1
43260,56,WY,"Sheridan, WY",30921,1
43300,48,TX,"Sherman-Denison, TX",135543,1
43320,4,AZ,"Show Low, AZ",106717,1
43340,22,LA,"Shreveport-Bossier City, LA",393406,1
43380,39,OH,"Sidney, OH",48230,1
43420,4,AZ,"Sierra Vista-Douglas, AZ",125447,1
43460,29,MO,"Sikeston, MO",38059,1
43500,35,NM,"Silver City, NM",28185,1
43580,19,IA,"Sioux City, IA-NE-SD",105941,0.7066
43580,31,NE,"Sioux City, IA-NE-SD",27188,0.1813
43580,46,SD,"Sioux City, IA-NE-SD",16811,0.1121
43620,46,SD,"Sioux Falls, SD",276730,1
43660,48,TX,"Snyder, TX",16932,1
43700,21,KY,"Somerset, KY",65034,1
43740,42,PA,"Somerset, PA",74129,1
43760,6,CA,"Sonora, CA",55620,1
43780,18,IN,"South Bend-Mishawaka, IN-MI",272912,0.841
43780,26,MI,"South Bend-Mishawaka, IN-MI",51589,0.159
43900,45,SC,"Spartanburg, SC",327997,1
43940,46,SD,"Spearfish, SD",25768,1
43980,19,IA,"Spencer, IA",16384,1
44020,19,IA,"Spirit Lake, IA",17703,1
44060,53,WA,"Spokane-Spokane Valley, WA",585784,1
44100,17,IL,"Springfield, IL",208640,1
44140,25,MA,"Springfield, MA",699162,1
44180,29,MO,"Springfield, MO",475432,1
44220,39,OH,"Springfield, OH",136001,1
44260,28,MS,"Starkville, MS",61714,1
44300,42,PA,"State College, PA",158172,1
44340,13,GA,"Statesboro, GA",81099,1
44420,51,VA,"Staunton, VA",125433,1
44460,8,CO,"Steamboat Springs, CO",24829,1
44500,48,TX,"Stephenville, TX",42545,1
44540,8,CO,"Sterling, CO",21528,1
44580,17,IL,"Sterling, IL",55691,1
44620,55,WI,"Stevens Point, WI",70377,1
44660,40,OK,"Stillwater, OK",81646,1
44700,6,CA,"Stockton, CA",779233,1
44740,19,IA,"Storm Lake, IA",20823,1
44780,26,MI,"Sturgis, MI",60939,1
44860,48,TX,"Sulphur Springs, TX",36787,1
44900,13,GA,"Summerville, GA",24965,1
44940,45,SC,"Sumter, SC",136700,1
44980,42,PA,"Sunbury, PA",91647,1
45000,6,CA,"Susanville, CA",32730,1
45020,48,TX,"Sweetwater, TX",14738,1
45060,36,NY,"Syracuse, NY",662057,1
45140,40,OK,"Tahlequah, OK",47078,1
45180,1,AL,"Talladega-Sylacauga, AL",82149,1
45220,12,FL,"Tallahassee, FL",384298,1
45300,12,FL,"Tampa-St. Petersburg-Clearwater, FL",3175275,1
45340,35,NM,"Taos, NM",34489,1
45380,17,IL,"Taylorville, IL",34032,1
45460,18,IN,"Terre Haute, IN",185031,1
45500,5,AR,"Texarkana, TX-AR",54626,0.3703
45500,48,TX,"Texarkana, TX-AR",92893,0.6297
45520,41,OR,"The Dalles, OR",26670,1
45540,12,FL,"The Villages, FL",129752,1
45580,13,GA,"Thomaston, GA",27700,1
45620,13,GA,"Thomasville, GA",45798,1
45660,39,OH,"Tiffin, OH",55069,1
45700,13,GA,"Tifton, GA",41344,1
45740,13,GA,"Toccoa, GA",26784,1
45780,39,OH,"Toledo, OH",646604,1
45820,20,KS,"Topeka, KS",233152,1
45860,9,CT,"Torrington, CT",185186,1
45900,26,MI,"Traverse City, MI",153448,1
45940,34,NJ,"Trenton-Princeton, NJ",387340,1
45980,1,AL,"Troy, AL",33009,1
46020,6,CA,"Truckee-Grass Valley, CA",102241,1
46060,4,AZ,"Tucson, AZ",1043433,1
46100,47,TN,"Tullahoma-Manchester, TN",107124,1
46140,40,OK,"Tulsa, OK",1015331,1
46180,28,MS,"Tupelo, MS",163398,1
46220,1,AL,"Tuscaloosa, AL",268674,1
46300,16,ID,"Twin Falls, ID",114283,1
46340,48,TX,"Tyler, TX",233479,1
46380,6,CA,"Ukiah, CA",91601,1
46420,45,SC,"Union, SC",27244,1
46460,47,TN,"Union City, TN",30787,1
46500,39,OH,"Urbana, OH",38714,1
46520,15,HI,"Urban Honolulu, HI",1016508,1
46540,36,NY,"Utica-Rome, NY",292264,1
46620,48,TX,"Uvalde, TX",24564,1
46660,13,GA,"Valdosta, GA",148126,1
46700,6,CA,"Vallejo, CA",453491,1
46780,39,OH,"Van Wert, OH",28931,1
46820,46,SD,"Vermillion, SD",14967,1
46860,49,UT,"Vernal, UT",35620,1
46900,48,TX,"Vernon, TX",12887,1
46980,28,MS,"Vicksburg, MS",44722,1
47020,48,TX,"Victoria, TX",98331,1
47080,13,GA,"Vidalia, GA",35640,1
47180,18,IN,"Vincennes, IN",36282,1
47220,34,NJ,"Vineland-Bridgeton, NJ",154152,1
47240,25,MA,"Vineyard Haven, MA",20600,1
47260,37,NC,"Virginia Beach-Norfolk-Newport News, VA-NC",48933,0.0272
47260,51,VA,"Virginia Beach-Norfolk-Newport News, VA-NC",1750741,0.9728
47300,6,CA,"Visalia, CA",473117,1
47340,18,IN,"Wabash, IN",30976,1
47380,48,TX,"Waco, TX",277547,1
47420,27,MN,"Wahpeton, ND-MN",6506,0.2824
47420,38,ND,"Wahpeton, ND-MN",16529,0.7176
47460,53,WA,"Walla Walla, WA",62584,1
47540,39,OH,"Wapakoneta, OH",46422,1
47580,13,GA,"Warner Robins, GA",191614,1
47620,42,PA,"Warren, PA",38587,1
47660,29,MO,"Warrensburg, MO",54013,1
47700,18,IN,"Warsaw, IN",80240,1
47780,18,IN,"Washington, IN",33381,1
47820,37,NC,"Washington, NC",44652,1
47900,11,DC,"Washington-Arlington-Alexandria, DC-VA-MD-WV",689545,0.108
47900,24,MD,"Washington-Arlington-Alexandria, DC-VA-MD-WV",2560379,0.401
47900,51,VA,"Washington-Arlington-Alexandria, DC-VA-MD-WV",3077537,0.482
47900,54,WV,"Washington-Arlington-Alexandria, DC-VA-MD-WV",57701,0.009
47920,39,OH,"Washington Court House, OH",28951,1
47940,19,IA,"Waterloo-Cedar Falls, IA",168461,1
47980,46,SD,"Watertown, SD",34489,1
48020,55,WI,"Watertown-Fort Atkinson, WI",84900,1
48060,36,NY,"Watertown-Fort Drum, NY",116721,1
48100,12,FL,"Wauchula, FL",25327,1
48140,55,WI,"Wausau-Weston, WI",166428,1
48180,13,GA,"Waycross, GA",55967,1
48220,40,OK,"Weatherford, OK",28513,1
48260,39,OH,"Weirton-Steubenville, WV-OH",65249,0.5581
48260,54,WV,"Weirton-Steubenville, WV-OH",51654,0.4419
48300,53,WA,"Wenatchee, WA",122012,1
48460,29,MO,"West Plains, MO",39750,1
48500,28,MS,"West Point, MS",18636,1
48540,39,OH,"Wheeling, WV-OH",66497,0.4766
48540,54,WV,"Wheeling, WV-OH",73016,0.5234
48580,55,WI,"Whitewater, WI",106478,1
48620,20,KS,"Wichita, KS",647610,1
48660,48,TX,"Wichita Falls, TX",148128,1
48700,42,PA,"Williamsport, PA",114188,1
48780,38,ND,"Williston, ND",40950,1
48820,27,MN,"Willmar, MN",43732,1
48900,37,NC,"Wilmington, NC",285905,1
48940,39,OH,"Wilmington, OH",42018,1
48980,37,NC,"Wilson, NC",78784,1
49020,51,VA,"Winchester, VA-WV",119539,0.8381
49020,54,WV,"Winchester, VA-WV",23093,0.1619
49060,20,KS,"Winfield, KS",34549,1
49080,32,NV,"Winnemucca, NV",17285,1
49100,27,MN,"Winona, MN",49671,1
49180,37,NC,"Winston-Salem, NC",675966,1
49220,55,WI,"Wisconsin Rapids-Marshfield, WI",74207,1
49260,40,OK,"Woodward, OK",24219,1
49300,39,OH,"Wooster, OH",116894,1
49340,9,CT,"Worcester, MA-CT",116418,0.119
49340,25,MA,"Worcester, MA-CT",862111,0.881
49380,27,MN,"Worthington, MN",22290,1
49420,53,WA,"Yakima, WA",256728,1
49460,46,SD,"Yankton, SD",23310,1
49500,72,PR,"Yauco, PR",86142,1
49620,42,PA,"York-Hanover, PA",456438,1
49660,39,OH,"Youngstown-Warren-Boardman, OH-PA",430591,0.7956
49660,42,PA,"Youngstown-Warren-Boardman, OH-PA",110652,0.2044
49700,6,CA,"Yuba City, CA",181208,1
49740,4,AZ,"Yuma, AZ",203881,1
49780,39,OH,"Zanesville, OH",86410,1
49820,48,TX,"Zapata, TX",13889,1
99999,1,AL,[not in a CBSA],409121,0.0227
99999,2,AK,[not in a CBSA],193205,0.0107
99999,4,AZ,[not in a CBSA],92141,0.0051
99999,5,AR,[not in a CBSA],486739,0.0271
99999,6,CA,[not in a CBSA],278982,0.0155
99999,8,CO,[not in a CBSA],305399,0.017
99999,12,FL,[not in a CBSA],319358,0.0178
99999,13,GA,[not in a CBSA],767896,0.0427
99999,15,HI,[not in a CBSA],82,0
99999,16,ID,[not in a CBSA],141915,0.0079
99999,17,IL,[not in a CBSA],603288,0.0335
99999,18,IN,[not in a CBSA],408912,0.0227
99999,19,IA,[not in a CBSA],760434,0.0423
99999,20,KS,[not in a CBSA],384430,0.0214
99999,21,KY,[not in a CBSA],905524,0.0503
99999,22,LA,[not in a CBSA],285038,0.0158
99999,23,ME,[not in a CBSA],423639,0.0236
99999,24,MD,[not in a CBSA],81297,0.0045
99999,25,MA,[not in a CBSA],14255,0.0008
99999,26,MI,[not in a CBSA],801540,0.0446
99999,27,MN,[not in a CBSA],520016,0.0289
99999,28,MS,[not in a CBSA],560649,0.0312
99999,29,MO,[not in a CBSA],813251,0.0452
99999,30,MT,[not in a CBSA],356214,0.0198
99999,31,NE,[not in a CBSA],342614,0.019
99999,32,NV,[not in a CBSA],31246,0.0017
99999,33,NH,[not in a CBSA],50107,0.0028
99999,35,NM,[not in a CBSA],67947,0.0038
99999,36,NY,[not in a CBSA],392038,0.0218
99999,37,NC,[not in a CBSA],562501,0.0313
99999,38,ND,[not in a CBSA],196564,0.0109
99999,39,OH,[not in a CBSA],444516,0.0247
99999,40,OK,[not in a CBSA],545378,0.0303
99999,41,OR,[not in a CBSA],104155,0.0058
99999,42,PA,[not in a CBSA],367719,0.0204
99999,45,SC,[not in a CBSA],281230,0.0156
99999,46,SD,[not in a CBSA],213882,0.0119
99999,47,TN,[not in a CBSA],599554,0.0333
99999,48,TX,[not in a CBSA],1343930,0.0747
99999,49,UT,[not in a CBSA],143733,0.008
99999,50,VT,[not in a CBSA],172759,0.0096
99999,51,VA,[not in a CBSA],796622,0.0443
99999,53,WA,[not in a CBSA],181084,0.0101
99999,54,WV,[not in a CBSA],335682,0.0187
99999,55,WI,[not in a CBSA],741607,0.0412
99999,56,WY,[not in a CBSA],142065,0.0079
99999,72,PR,[not in a CBSA],14796,0.0008
