state_name,county_fips,geo_name,federal_workers,margin_of_error,share_of_employment
Alabama,1001,Autauga County,335,202,0.013
Alabama,1003,Baldwin County,1467,742,0.013
Alabama,1005,Barbour County,222,169,0.027
Alabama,1007,Bibb County,64,79,0.007
Alabama,1009,Blount County,230,176,0.009
Alabama,1015,Calhoun County,1060,440,0.022
Alabama,1017,Chambers County,153,224,0.013
Alabama,1019,Cherokee County,30,67,0.003
Alabama,1021,Chilton County,193,226,0.011
Alabama,1025,Clarke County,48,71,0.006
Alabama,1031,Coffee County,1812,525,0.082
Alabama,1033,Colbert County,553,354,0.023
Alabama,1039,Covington County,299,178,0.02
Alabama,1043,Cullman County,1050,378,0.026
Alabama,1045,Dale County,1397,452,0.08
Alabama,1047,Dallas County,51,65,0.004
Alabama,1049,DeKalb County,561,317,0.02
Alabama,1051,Elmore County,1881,762,0.049
Alabama,1053,Escambia County,42,54,0.003
Alabama,1055,Etowah County,816,421,0.021
Alabama,1059,Franklin County,284,224,0.023
Alabama,1061,Geneva County,320,215,0.03
Alabama,1069,Houston County,1045,345,0.022
Alabama,1071,Jackson County,773,468,0.035
Alabama,1073,Jefferson County,4922,1233,0.016
Alabama,1077,Lauderdale County,922,368,0.022
Alabama,1079,Lawrence County,228,149,0.015
Alabama,1081,Lee County,2024,735,0.025
Alabama,1083,Limestone County,3389,1180,0.067
Alabama,1089,Madison County,13657,1794,0.067
Alabama,1093,Marion County,93,90,0.009
Alabama,1095,Marshall County,1135,469,0.027
Alabama,1097,Mobile County,3273,794,0.018
Alabama,1101,Montgomery County,3869,1198,0.041
Alabama,1103,Morgan County,1006,500,0.018
Alabama,1109,Pike County,416,381,0.026
Alabama,1111,Randolph County,84,139,0.008
Alabama,1113,Russell County,1600,734,0.07
Alabama,1117,Shelby County,2354,747,0.021
Alabama,1115,St. Clair County,1026,498,0.024
Alabama,1121,Talladega County,1121,434,0.033
Alabama,1123,Tallapoosa County,124,178,0.007
Alabama,1125,Tuscaloosa County,3075,916,0.028
Alabama,1127,Walker County,161,193,0.006
Alabama,1133,Winston County,75,132,0.009
Alaska,2020,Anchorage Municipality,7819,1794,0.057
Alaska,2090,Fairbanks North Star Borough,1373,472,0.035
Alaska,2110,Juneau City and Borough,444,267,0.026
Alaska,2122,Kenai Peninsula Borough,409,181,0.016
Alaska,2170,Matanuska-Susitna Borough,2148,527,0.043
Arizona,4001,Apache County,2264,650,0.121
Arizona,4003,Cochise County,2375,631,0.06
Arizona,4005,Coconino County,2611,947,0.038
Arizona,4007,Gila County,832,414,0.047
Arizona,4009,Graham County,635,339,0.041
Arizona,4013,Maricopa County,28980,2891,0.013
Arizona,4015,Mohave County,1532,631,0.021
Arizona,4017,Navajo County,1853,532,0.054
Arizona,4019,Pima County,11954,1861,0.025
Arizona,4021,Pinal County,5119,1607,0.026
Arizona,4023,Santa Cruz County,635,370,0.035
Arizona,4025,Yavapai County,743,303,0.008
Arizona,4027,Yuma County,3372,997,0.047
Arkansas,5005,Baxter County,508,306,0.033
Arkansas,5007,Benton County,915,451,0.006
Arkansas,5009,Boone County,354,244,0.021
Arkansas,5015,Carroll County,316,320,0.026
Arkansas,5019,Clark County,116,161,0.012
Arkansas,5023,Cleburne County,56,74,0.006
Arkansas,5027,Columbia County,103,145,0.011
Arkansas,5029,Conway County,0,143,0
Arkansas,5031,Craighead County,460,285,0.009
Arkansas,5033,Crawford County,115,95,0.004
Arkansas,5035,Crittenden County,569,375,0.03
Arkansas,5045,Faulkner County,599,283,0.01
Arkansas,5051,Garland County,486,355,0.012
Arkansas,5055,Greene County,207,154,0.012
Arkansas,5059,Hot Spring County,100,107,0.008
Arkansas,5063,Independence County,148,164,0.008
Arkansas,5069,Jefferson County,268,209,0.011
Arkansas,5071,Johnson County,90,114,0.009
Arkansas,5083,Logan County,90,91,0.01
Arkansas,5085,Lonoke County,1240,523,0.038
Arkansas,5091,Miller County,667,367,0.04
Arkansas,5093,Mississippi County,226,224,0.014
Arkansas,5103,Ouachita County,217,143,0.025
Arkansas,5111,Poinsett County,122,118,0.013
Arkansas,5113,Polk County,392,303,0.046
Arkansas,5115,Pope County,171,150,0.006
Arkansas,5119,Pulaski County,4574,1030,0.026
Arkansas,5125,Saline County,841,478,0.014
Arkansas,5131,Sebastian County,567,307,0.01
Arkansas,5123,St. Francis County,67,89,0.01
Arkansas,5139,Union County,94,86,0.006
Arkansas,5143,Washington County,1452,547,0.011
Arkansas,5145,White County,538,428,0.017
Arkansas,5149,Yell County,159,182,0.019
California,6001,Alameda County,10301,1360,0.013
California,6005,Amador County,6,12,0
California,6007,Butte County,1194,473,0.013
California,6009,Calaveras County,164,193,0.008
California,6011,Colusa County,129,169,0.015
California,6013,Contra Costa County,7902,1210,0.014
California,6015,Del Norte County,285,204,0.025
California,6017,El Dorado County,1435,722,0.017
California,6019,Fresno County,7815,1694,0.019
California,6021,Glenn County,180,156,0.015
California,6023,Humboldt County,1614,736,0.028
California,6025,Imperial County,2094,945,0.034
California,6029,Kern County,7622,1349,0.021
California,6031,Kings County,869,460,0.017
California,6033,Lake County,215,154,0.008
California,6035,Lassen County,541,329,0.057
California,6037,Los Angeles County,53657,3485,0.011
California,6039,Madera County,538,412,0.009
California,6041,Marin County,1320,550,0.011
California,6045,Mendocino County,324,213,0.009
California,6047,Merced County,872,447,0.008
California,6053,Monterey County,3651,817,0.02
California,6055,Napa County,745,362,0.011
California,6057,Nevada County,251,230,0.006
California,6059,Orange County,15089,2127,0.01
California,6061,Placer County,2046,542,0.011
California,6065,Riverside County,13982,1699,0.013
California,6067,Sacramento County,11013,1698,0.015
California,6069,San Benito County,257,187,0.008
California,6071,San Bernardino County,13167,2006,0.014
California,6073,San Diego County,40585,3380,0.026
California,6075,San Francisco County,6253,1231,0.014
California,6077,San Joaquin County,5476,1147,0.015
California,6079,San Luis Obispo County,1038,390,0.008
California,6081,San Mateo County,4541,1047,0.012
California,6083,Santa Barbara County,3328,789,0.017
California,6085,Santa Clara County,7662,1316,0.008
California,6087,Santa Cruz County,1090,528,0.009
California,6089,Shasta County,1514,543,0.02
California,6093,Siskiyou County,752,243,0.045
California,6095,Solano County,3750,869,0.019
California,6097,Sonoma County,1960,665,0.008
California,6099,Stanislaus County,2365,867,0.01
California,6101,Sutter County,471,356,0.012
California,6103,Tehama County,547,316,0.021
California,6107,Tulare County,1653,432,0.009
California,6109,Tuolumne County,490,318,0.022
California,6111,Ventura County,8131,1578,0.021
California,6113,Yolo County,890,401,0.008
California,6115,Yuba County,959,506,0.029
Colorado,8001,Adams County,3912,1449,0.014
Colorado,8005,Arapahoe County,7446,1377,0.021
Colorado,8013,Boulder County,1843,560,0.011
Colorado,8014,Broomfield County,864,426,0.021
Colorado,8015,Chaffee County,80,102,0.008
Colorado,8029,Delta County,68,93,0.006
Colorado,8031,Denver County,7292,1268,0.017
Colorado,8035,Douglas County,3553,1105,0.017
Colorado,8037,Eagle County,232,252,0.007
Colorado,8041,El Paso County,14765,1820,0.043
Colorado,8039,Elbert County,36,56,0.003
Colorado,8043,Fremont County,459,309,0.028
Colorado,8045,Garfield County,340,355,0.011
Colorado,8059,Jefferson County,5558,883,0.018
Colorado,8067,La Plata County,565,369,0.019
Colorado,8069,Larimer County,3594,897,0.019
Colorado,8075,Logan County,68,112,0.008
Colorado,8077,Mesa County,1862,662,0.026
Colorado,8083,Montezuma County,1032,523,0.096
Colorado,8085,Montrose County,340,324,0.018
Colorado,8087,Morgan County,77,117,0.006
Colorado,8101,Pueblo County,1598,607,0.022
Colorado,8107,Routt County,55,113,0.003
Colorado,8117,Summit County,266,235,0.015
Colorado,8119,Teller County,444,359,0.036
Colorado,8123,Weld County,2122,684,0.012
Connecticut,9110,Capitol Planning Region,5274,1211,0.011
Connecticut,9120,Greater Bridgeport Planning Region,1788,912,0.011
Connecticut,9130,Lower Connecticut River Valley Planning Region,1216,541,0.013
Connecticut,9140,Naugatuck Valley Planning Region,2845,986,0.013
Connecticut,9150,Northeastern Connecticut Planning Region,414,222,0.008
Connecticut,9160,Northwest Hills Planning Region,238,182,0.004
Connecticut,9170,South Central Connecticut Planning Region,3451,1169,0.012
Connecticut,9180,Southeastern Connecticut Planning Region,4226,950,0.032
Connecticut,9190,Western Connecticut Planning Region,2409,760,0.008
Delaware,10001,Kent County,2247,715,0.025
Delaware,10003,New Castle County,5295,1403,0.019
Delaware,10005,Sussex County,1600,528,0.014
District of Columbia,11001,District of Columbia,48859,3469,0.132
Florida,12001,Alachua County,3202,1063,0.023
Florida,12003,Baker County,0,167,0
Florida,12005,Bay County,4776,1150,0.051
Florida,12007,Bradford County,182,237,0.017
Florida,12009,Brevard County,6614,1264,0.023
Florida,12011,Broward County,12996,2046,0.013
Florida,12015,Charlotte County,626,409,0.008
Florida,12017,Citrus County,597,348,0.011
Florida,12019,Clay County,5030,1518,0.047
Florida,12021,Collier County,897,499,0.005
Florida,12023,Columbia County,1247,663,0.043
Florida,12027,DeSoto County,65,101,0.005
Florida,12031,Duval County,13453,2662,0.028
Florida,12033,Escambia County,3530,933,0.025
Florida,12035,Flagler County,814,596,0.016
Florida,12039,Gadsden County,158,175,0.011
Florida,12049,Hardee County,0,167,0
Florida,12053,Hernando County,1008,483,0.012
Florida,12055,Highlands County,490,399,0.014
Florida,12057,Hillsborough County,11964,1858,0.016
Florida,12061,Indian River County,580,308,0.009
Florida,12063,Jackson County,241,198,0.014
Florida,12069,Lake County,1869,694,0.011
Florida,12071,Lee County,4486,1071,0.013
Florida,12073,Leon County,1554,733,0.011
Florida,12075,Levy County,104,124,0.006
Florida,12081,Manatee County,1410,666,0.007
Florida,12083,Marion County,1235,517,0.008
Florida,12085,Martin County,685,455,0.01
Florida,12086,Miami-Dade County,13838,1782,0.01
Florida,12087,Monroe County,808,466,0.021
Florida,12089,Nassau County,1166,501,0.027
Florida,12091,Okaloosa County,5591,1109,0.062
Florida,12093,Okeechobee County,63,128,0.004
Florida,12095,Orange County,9985,1838,0.013
Florida,12097,Osceola County,1709,812,0.008
Florida,12099,Palm Beach County,7660,1707,0.011
Florida,12101,Pasco County,3545,982,0.013
Florida,12103,Pinellas County,8076,1344,0.018
Florida,12105,Polk County,3094,984,0.009
Florida,12107,Putnam County,271,208,0.01
Florida,12113,Santa Rosa County,4472,1083,0.053
Florida,12115,Sarasota County,1565,545,0.008
Florida,12117,Seminole County,3096,825,0.013
Florida,12109,St. Johns County,3140,1224,0.021
Florida,12111,St. Lucie County,1503,615,0.009
Florida,12119,Sumter County,693,513,0.021
Florida,12121,Suwannee County,74,101,0.005
Florida,12123,Taylor County,102,119,0.018
Florida,12127,Volusia County,1488,579,0.006
Florida,12129,Wakulla County,251,218,0.015
Florida,12131,Walton County,215,164,0.006
Florida,12133,Washington County,102,129,0.013
Georgia,13009,Baldwin County,226,169,0.013
Georgia,13013,Barrow County,663,473,0.014
Georgia,13015,Bartow County,477,434,0.009
Georgia,13021,Bibb County,1897,665,0.03
Georgia,13029,Bryan County,940,486,0.043
Georgia,13031,Bulloch County,1163,668,0.033
Georgia,13033,Burke County,84,115,0.008
Georgia,13035,Butts County,187,218,0.018
Georgia,13039,Camden County,1685,515,0.08
Georgia,13045,Carroll County,232,246,0.004
Georgia,13047,Catoosa County,321,335,0.01
Georgia,13051,Chatham County,4104,1259,0.029
Georgia,13055,Chattooga County,9,17,0.001
Georgia,13057,Cherokee County,866,358,0.006
Georgia,13059,Clarke County,676,304,0.01
Georgia,13063,Clayton County,3316,1082,0.024
Georgia,13067,Cobb County,5662,1108,0.014
Georgia,13069,Coffee County,248,187,0.017
Georgia,13071,Colquitt County,75,86,0.004
Georgia,13073,Columbia County,4387,1101,0.061
Georgia,13077,Coweta County,1070,521,0.014
Georgia,13085,Dawson County,332,340,0.022
Georgia,13089,DeKalb County,11689,1967,0.031
Georgia,13087,Decatur County,0,155,0
Georgia,13091,Dodge County,534,270,0.074
Georgia,13095,Dougherty County,1053,436,0.034
Georgia,13097,Douglas County,1746,628,0.024
Georgia,13103,Effingham County,613,347,0.018
Georgia,13105,Elbert County,475,477,0.053
Georgia,13107,Emanuel County,56,95,0.006
Georgia,13111,Fannin County,23,40,0.002
Georgia,13113,Fayette County,2354,1395,0.042
Georgia,13115,Floyd County,525,336,0.012
Georgia,13117,Forsyth County,934,356,0.007
Georgia,13119,Franklin County,32,53,0.003
Georgia,13121,Fulton County,8910,1929,0.016
Georgia,13123,Gilmer County,372,367,0.026
Georgia,13127,Glynn County,1812,695,0.05
Georgia,13129,Gordon County,283,395,0.011
Georgia,13131,Grady County,0,155,0
Georgia,13133,Greene County,0,155,0
Georgia,13135,Gwinnett County,6221,1345,0.013
Georgia,13137,Habersham County,22,28,0.001
Georgia,13139,Hall County,912,421,0.009
Georgia,13143,Haralson County,0,155,0
Georgia,13145,Harris County,328,327,0.02
Georgia,13147,Hart County,230,171,0.018
Georgia,13151,Henry County,3610,1198,0.029
Georgia,13153,Houston County,7137,1359,0.095
Georgia,13157,Jackson County,475,370,0.011
Georgia,13169,Jones County,591,501,0.051
Georgia,13171,Lamar County,21,45,0.003
Georgia,13175,Laurens County,1152,612,0.054
Georgia,13177,Lee County,702,416,0.046
Georgia,13179,Liberty County,1606,593,0.069
Georgia,13185,Lowndes County,1209,534,0.024
Georgia,13187,Lumpkin County,44,65,0.003
Georgia,13195,Madison County,140,136,0.01
Georgia,13189,McDuffie County,137,138,0.016
Georgia,13205,Mitchell County,113,147,0.015
Georgia,13207,Monroe County,375,375,0.028
Georgia,13211,Morgan County,80,119,0.009
Georgia,13213,Murray County,296,205,0.015
Georgia,13215,Muscogee County,2877,822,0.037
Georgia,13217,Newton County,1607,709,0.029
Georgia,13219,Oconee County,881,428,0.043
Georgia,13223,Paulding County,1513,907,0.017
Georgia,13225,Peach County,1204,595,0.09
Georgia,13227,Pickens County,370,320,0.024
Georgia,13229,Pierce County,93,119,0.01
Georgia,13231,Pike County,318,274,0.038
Georgia,13233,Polk County,20,40,0.001
Georgia,13237,Putnam County,0,155,0
Georgia,13245,Richmond County,2053,732,0.024
Georgia,13247,Rockdale County,854,431,0.019
Georgia,13255,Spalding County,177,203,0.006
Georgia,13257,Stephens County,132,159,0.011
Georgia,13261,Sumter County,265,259,0.021
Georgia,13267,Tattnall County,343,250,0.035
Georgia,13275,Thomas County,212,204,0.011
Georgia,13277,Tift County,67,82,0.004
Georgia,13279,Toombs County,48,62,0.004
Georgia,13285,Troup County,409,330,0.013
Georgia,13291,Union County,190,226,0.02
Georgia,13293,Upson County,0,155,0
Georgia,13295,Walker County,353,239,0.012
Georgia,13297,Walton County,543,361,0.011
Georgia,13303,Washington County,26,45,0.003
Georgia,13305,Wayne County,194,151,0.016
Georgia,13311,White County,0,155,0
Georgia,13313,Whitfield County,307,235,0.006
Georgia,13321,Worth County,288,252,0.036
Hawaii,15001,Hawaii County,1218,517,0.015
Hawaii,15003,Honolulu County,26432,2050,0.06
Hawaii,15007,Kauai County,624,365,0.017
Hawaii,15009,Maui County,945,410,0.012
Idaho,16001,Ada County,4709,927,0.018
Idaho,16005,Bannock County,755,335,0.019
Idaho,16011,Bingham County,1294,438,0.063
Idaho,16013,Blaine County,189,230,0.015
Idaho,16017,Bonner County,141,104,0.007
Idaho,16019,Bonneville County,2841,741,0.048
Idaho,16027,Canyon County,1089,410,0.009
Idaho,16031,Cassia County,91,108,0.008
Idaho,16039,Elmore County,709,336,0.062
Idaho,16045,Gem County,93,158,0.01
Idaho,16051,Jefferson County,672,322,0.045
Idaho,16053,Jerome County,210,164,0.019
Idaho,16055,Kootenai County,1427,592,0.017
Idaho,16057,Latah County,115,152,0.006
Idaho,16065,Madison County,418,274,0.016
Idaho,16067,Minidoka County,161,157,0.018
Idaho,16069,Nez Perce County,244,159,0.013
Idaho,16075,Payette County,173,171,0.015
Idaho,16083,Twin Falls County,1342,672,0.03
Illinois,17001,Adams County,397,249,0.013
Illinois,17007,Boone County,97,152,0.004
Illinois,17011,Bureau County,63,66,0.004
Illinois,17019,Champaign County,853,405,0.009
Illinois,17021,Christian County,241,163,0.016
Illinois,17027,Clinton County,584,254,0.034
Illinois,17029,Coles County,429,356,0.02
Illinois,17031,Cook County,38888,3675,0.015
Illinois,17037,DeKalb County,387,286,0.008
Illinois,17043,DuPage County,5816,1043,0.012
Illinois,17049,Effingham County,95,84,0.006
Illinois,17051,Fayette County,36,48,0.004
Illinois,17055,Franklin County,411,231,0.027
Illinois,17057,Fulton County,119,82,0.009
Illinois,17063,Grundy County,202,232,0.008
Illinois,17073,Henry County,558,275,0.024
Illinois,17075,Iroquois County,188,198,0.015
Illinois,17077,Jackson County,195,135,0.009
Illinois,17081,Jefferson County,124,95,0.008
Illinois,17083,Jersey County,67,91,0.007
Illinois,17085,Jo Daviess County,312,351,0.031
Illinois,17089,Kane County,2852,886,0.011
Illinois,17091,Kankakee County,328,259,0.007
Illinois,17093,Kendall County,836,469,0.011
Illinois,17095,Knox County,167,147,0.008
Illinois,17099,LaSalle County,543,303,0.011
Illinois,17097,Lake County,5497,1076,0.016
Illinois,17103,Lee County,367,315,0.025
Illinois,17105,Livingston County,253,137,0.016
Illinois,17107,Logan County,73,49,0.006
Illinois,17115,Macon County,189,158,0.004
Illinois,17117,Macoupin County,276,172,0.014
Illinois,17119,Madison County,2989,864,0.024
Illinois,17121,Marion County,47,50,0.003
Illinois,17109,McDonough County,34,47,0.003
Illinois,17111,McHenry County,967,426,0.006
Illinois,17113,McLean County,444,314,0.005
Illinois,17133,Monroe County,395,217,0.021
Illinois,17135,Montgomery County,14,34,0.001
Illinois,17137,Morgan County,78,84,0.006
Illinois,17141,Ogle County,252,182,0.01
Illinois,17143,Peoria County,1286,558,0.016
Illinois,17145,Perry County,175,150,0.024
Illinois,17157,Randolph County,204,187,0.017
Illinois,17161,Rock Island County,2021,737,0.032
Illinois,17165,Saline County,334,264,0.039
Illinois,17167,Sangamon County,1506,606,0.017
Illinois,17173,Shelby County,73,86,0.008
Illinois,17163,St. Clair County,4994,1011,0.046
Illinois,17177,Stephenson County,130,108,0.006
Illinois,17179,Tazewell County,658,340,0.01
Illinois,17183,Vermilion County,718,300,0.027
Illinois,17195,Whiteside County,271,194,0.011
Illinois,17197,Will County,4581,1158,0.013
Illinois,17199,Williamson County,857,416,0.03
Illinois,17201,Winnebago County,1357,801,0.011
Illinois,17203,Woodford County,71,69,0.004
Indiana,18001,Adams County,164,147,0.011
Indiana,18003,Allen County,1970,737,0.011
Indiana,18005,Bartholomew County,285,244,0.007
Indiana,18011,Boone County,398,338,0.01
Indiana,18015,Carroll County,61,102,0.006
Indiana,18017,Cass County,64,78,0.004
Indiana,18019,Clark County,761,455,0.012
Indiana,18021,Clay County,174,188,0.014
Indiana,18023,Clinton County,328,233,0.021
Indiana,18027,Daviess County,436,213,0.03
Indiana,18033,DeKalb County,399,331,0.018
Indiana,18029,Dearborn County,307,220,0.013
Indiana,18031,Decatur County,0,143,0
Indiana,18035,Delaware County,908,814,0.017
Indiana,18037,Dubois County,260,271,0.012
Indiana,18039,Elkhart County,577,357,0.006
Indiana,18041,Fayette County,103,145,0.01
Indiana,18043,Floyd County,776,379,0.02
Indiana,18047,Franklin County,10,17,0.001
Indiana,18049,Fulton County,218,187,0.023
Indiana,18051,Gibson County,154,125,0.01
Indiana,18053,Grant County,1314,629,0.048
Indiana,18055,Greene County,733,350,0.051
Indiana,18057,Hamilton County,2739,792,0.014
Indiana,18059,Hancock County,1163,504,0.027
Indiana,18061,Harrison County,254,202,0.014
Indiana,18063,Hendricks County,2253,874,0.024
Indiana,18065,Henry County,287,227,0.014
Indiana,18067,Howard County,370,292,0.01
Indiana,18069,Huntington County,132,117,0.007
Indiana,18071,Jackson County,46,59,0.002
Indiana,18073,Jasper County,73,86,0.004
Indiana,18077,Jefferson County,0,143,0
Indiana,18079,Jennings County,59,69,0.006
Indiana,18081,Johnson County,1045,525,0.012
Indiana,18083,Knox County,105,117,0.006
Indiana,18085,Kosciusko County,312,276,0.008
Indiana,18087,LaGrange County,0,143,0
Indiana,18091,LaPorte County,67,71,0.001
Indiana,18089,Lake County,3860,1052,0.017
Indiana,18093,Lawrence County,946,366,0.044
Indiana,18095,Madison County,706,422,0.012
Indiana,18097,Marion County,10167,1712,0.021
Indiana,18099,Marshall County,224,185,0.01
Indiana,18103,Miami County,220,206,0.015
Indiana,18105,Monroe County,1958,800,0.029
Indiana,18107,Montgomery County,38,58,0.002
Indiana,18109,Morgan County,1008,455,0.029
Indiana,18113,Noble County,305,223,0.014
Indiana,18119,Owen County,54,72,0.006
Indiana,18127,Porter County,681,333,0.008
Indiana,18129,Posey County,0,143,0
Indiana,18133,Putnam County,521,421,0.033
Indiana,18135,Randolph County,139,146,0.013
Indiana,18137,Ripley County,309,193,0.022
Indiana,18143,Scott County,170,195,0.015
Indiana,18145,Shelby County,254,248,0.012
Indiana,18147,Spencer County,119,113,0.013
Indiana,18141,St. Joseph County,1137,433,0.009
Indiana,18149,Starke County,9,18,0.001
Indiana,18151,Steuben County,199,258,0.012
Indiana,18153,Sullivan County,120,121,0.016
Indiana,18157,Tippecanoe County,817,334,0.009
Indiana,18163,Vanderburgh County,796,370,0.009
Indiana,18167,Vigo County,1284,510,0.029
Indiana,18169,Wabash County,19,28,0.001
Indiana,18173,Warrick County,460,328,0.015
Indiana,18175,Washington County,19,30,0.002
Indiana,18177,Wayne County,368,213,0.013
Indiana,18179,Wells County,201,194,0.014
Indiana,18181,White County,8,14,0.001
Indiana,18183,Whitley County,0,143,0
Iowa,19011,Benton County,217,139,0.017
Iowa,19013,Black Hawk County,700,377,0.011
Iowa,19015,Boone County,57,78,0.004
Iowa,19017,Bremer County,86,99,0.007
Iowa,19019,Buchanan County,111,110,0.011
Iowa,19021,Buena Vista County,143,99,0.015
Iowa,19027,Carroll County,12,16,0.001
Iowa,19033,Cerro Gordo County,17,27,0.001
Iowa,19043,Clayton County,201,191,0.021
Iowa,19045,Clinton County,267,202,0.012
Iowa,19049,Dallas County,294,211,0.005
Iowa,19057,Des Moines County,292,235,0.016
Iowa,19059,Dickinson County,160,122,0.017
Iowa,19061,Dubuque County,518,344,0.01
Iowa,19065,Fayette County,64,82,0.007
Iowa,19087,Henry County,61,81,0.008
Iowa,19099,Jasper County,310,235,0.018
Iowa,19103,Johnson County,919,415,0.011
Iowa,19105,Jones County,270,224,0.027
Iowa,19111,Lee County,350,297,0.023
Iowa,19113,Linn County,1088,430,0.01
Iowa,19123,Mahaska County,22,38,0.002
Iowa,19125,Marion County,268,203,0.016
Iowa,19127,Marshall County,382,206,0.02
Iowa,19139,Muscatine County,281,221,0.014
Iowa,19149,Plymouth County,357,261,0.028
Iowa,19153,Polk County,4091,887,0.015
Iowa,19155,Pottawattamie County,535,310,0.012
Iowa,19163,Scott County,2878,715,0.034
Iowa,19167,Sioux County,8,13,0
Iowa,19169,Story County,920,460,0.018
Iowa,19179,Wapello County,134,118,0.009
Iowa,19181,Warren County,395,231,0.014
Iowa,19183,Washington County,355,200,0.033
Iowa,19187,Webster County,203,153,0.011
Iowa,19191,Winneshiek County,13,16,0.001
Iowa,19193,Woodbury County,558,364,0.011
Kansas,20009,Barton County,114,167,0.011
Kansas,20015,Butler County,471,253,0.015
Kansas,20021,Cherokee County,176,147,0.02
Kansas,20035,Cowley County,90,98,0.006
Kansas,20037,Crawford County,355,392,0.018
Kansas,20045,Douglas County,856,469,0.014
Kansas,20051,Ellis County,64,89,0.004
Kansas,20055,Finney County,133,118,0.007
Kansas,20057,Ford County,542,418,0.034
Kansas,20059,Franklin County,183,182,0.014
Kansas,20061,Geary County,1128,425,0.112
Kansas,20079,Harvey County,84,122,0.005
Kansas,20091,Johnson County,4657,1047,0.014
Kansas,20099,Labette County,61,59,0.008
Kansas,20103,Leavenworth County,3509,845,0.1
Kansas,20111,Lyon County,175,163,0.01
Kansas,20113,McPherson County,239,246,0.015
Kansas,20121,Miami County,294,199,0.016
Kansas,20125,Montgomery County,62,58,0.005
Kansas,20149,Pottawatomie County,434,303,0.035
Kansas,20155,Reno County,69,68,0.002
Kansas,20161,Riley County,1347,576,0.041
Kansas,20169,Saline County,230,204,0.008
Kansas,20173,Sedgwick County,4669,1238,0.019
Kansas,20175,Seward County,52,88,0.005
Kansas,20177,Shawnee County,2887,833,0.036
Kansas,20191,Sumner County,123,108,0.012
Kansas,20209,Wyandotte County,1628,590,0.022
Kentucky,21003,Allen County,135,229,0.014
Kentucky,21005,Anderson County,152,167,0.013
Kentucky,21009,Barren County,276,233,0.016
Kentucky,21013,Bell County,104,123,0.013
Kentucky,21015,Boone County,1731,608,0.025
Kentucky,21017,Bourbon County,401,264,0.046
Kentucky,21019,Boyd County,410,344,0.021
Kentucky,21021,Boyle County,110,119,0.009
Kentucky,21027,Breckinridge County,97,110,0.01
Kentucky,21029,Bullitt County,551,373,0.013
Kentucky,21035,Calloway County,73,86,0.004
Kentucky,21037,Campbell County,671,327,0.014
Kentucky,21043,Carter County,485,405,0.047
Kentucky,21047,Christian County,764,321,0.034
Kentucky,21049,Clark County,281,215,0.016
Kentucky,21051,Clay County,283,308,0.051
Kentucky,21059,Daviess County,548,301,0.011
Kentucky,21067,Fayette County,2666,766,0.016
Kentucky,21071,Floyd County,49,73,0.005
Kentucky,21073,Franklin County,345,256,0.014
Kentucky,21081,Grant County,143,145,0.011
Kentucky,21083,Graves County,242,215,0.016
Kentucky,21085,Grayson County,70,115,0.006
Kentucky,21089,Greenup County,261,226,0.019
Kentucky,21093,Hardin County,3114,790,0.063
Kentucky,21095,Harlan County,0,141,0
Kentucky,21101,Henderson County,64,84,0.003
Kentucky,21107,Hopkins County,147,132,0.008
Kentucky,21111,Jefferson County,4392,928,0.012
Kentucky,21113,Jessamine County,32,56,0.001
Kentucky,21115,Johnson County,220,201,0.033
Kentucky,21117,Kenton County,1546,589,0.018
Kentucky,21121,Knox County,92,115,0.01
Kentucky,21125,Laurel County,326,256,0.012
Kentucky,21133,Letcher County,18,32,0.003
Kentucky,21137,Lincoln County,175,182,0.018
Kentucky,21141,Logan County,0,141,0
Kentucky,21151,Madison County,1570,562,0.033
Kentucky,21157,Marshall County,244,209,0.018
Kentucky,21145,McCracken County,571,416,0.018
Kentucky,21163,Meade County,552,255,0.042
Kentucky,21167,Mercer County,102,126,0.01
Kentucky,21173,Montgomery County,17,34,0.001
Kentucky,21177,Muhlenberg County,165,158,0.014
Kentucky,21179,Nelson County,335,193,0.015
Kentucky,21183,Ohio County,75,82,0.009
Kentucky,21185,Oldham County,825,394,0.025
Kentucky,21193,Perry County,64,86,0.007
Kentucky,21195,Pike County,127,129,0.007
Kentucky,21199,Pulaski County,608,400,0.024
Kentucky,21205,Rowan County,56,52,0.005
Kentucky,21209,Scott County,792,466,0.028
Kentucky,21211,Shelby County,270,182,0.012
Kentucky,21215,Spencer County,59,87,0.006
Kentucky,21217,Taylor County,73,96,0.006
Kentucky,21227,Warren County,739,396,0.01
Kentucky,21231,Wayne County,29,51,0.004
Kentucky,21235,Whitley County,663,506,0.047
Kentucky,21239,Woodford County,281,286,0.023
Louisiana,22001,Acadia Parish,106,117,0.005
Louisiana,22005,Ascension Parish,115,99,0.002
Louisiana,22009,Avoyelles Parish,455,318,0.035
Louisiana,22011,Beauregard Parish,506,194,0.038
Louisiana,22015,Bossier Parish,2021,1000,0.036
Louisiana,22017,Caddo Parish,2699,957,0.029
Louisiana,22019,Calcasieu Parish,571,464,0.006
Louisiana,22031,De Soto Parish,34,49,0.003
Louisiana,22033,East Baton Rouge Parish,2467,916,0.012
Louisiana,22039,Evangeline Parish,123,138,0.01
Louisiana,22043,Grant Parish,417,312,0.051
Louisiana,22045,Iberia Parish,152,160,0.006
Louisiana,22047,Iberville Parish,376,353,0.037
Louisiana,22053,Jefferson Davis Parish,109,170,0.008
Louisiana,22051,Jefferson Parish,4206,983,0.022
Louisiana,22055,Lafayette Parish,1640,602,0.014
Louisiana,22057,Lafourche Parish,171,190,0.004
Louisiana,22061,Lincoln Parish,242,276,0.013
Louisiana,22063,Livingston Parish,484,355,0.007
Louisiana,22067,Morehouse Parish,102,166,0.012
Louisiana,22069,Natchitoches Parish,274,165,0.019
Louisiana,22071,Orleans Parish,4300,831,0.026
Louisiana,22073,Ouachita Parish,950,606,0.014
Louisiana,22075,Plaquemines Parish,189,202,0.022
Louisiana,22077,Pointe Coupee Parish,65,84,0.008
Louisiana,22079,Rapides Parish,1701,613,0.034
Louisiana,22083,Richland Parish,98,163,0.014
Louisiana,22085,Sabine Parish,52,60,0.007
Louisiana,22087,St. Bernard Parish,700,487,0.036
Louisiana,22089,St. Charles Parish,425,298,0.018
Louisiana,22093,St. James Parish,0,152,0
Louisiana,22095,St. John the Baptist Parish,379,291,0.021
Louisiana,22097,St. Landry Parish,351,261,0.012
Louisiana,22099,St. Martin Parish,190,144,0.008
Louisiana,22101,St. Mary Parish,154,122,0.008
Louisiana,22103,St. Tammany Parish,2330,733,0.018
Louisiana,22105,Tangipahoa Parish,1090,635,0.018
Louisiana,22109,Terrebonne Parish,682,450,0.015
Louisiana,22111,Union Parish,123,200,0.016
Louisiana,22113,Vermilion Parish,64,58,0.003
Louisiana,22115,Vernon Parish,1538,414,0.1
Louisiana,22117,Washington Parish,220,239,0.015
Louisiana,22119,Webster Parish,153,143,0.011
Louisiana,22121,West Baton Rouge Parish,0,152,0
Maine,23001,Androscoggin County,255,174,0.005
Maine,23003,Aroostook County,1210,451,0.041
Maine,23005,Cumberland County,1293,471,0.008
Maine,23007,Franklin County,84,82,0.006
Maine,23009,Hancock County,301,196,0.012
Maine,23011,Kennebec County,1696,731,0.028
Maine,23013,Knox County,517,359,0.027
Maine,23015,Lincoln County,157,125,0.009
Maine,23017,Oxford County,308,261,0.011
Maine,23019,Penobscot County,728,298,0.01
Maine,23023,Sagadahoc County,505,453,0.028
Maine,23025,Somerset County,447,239,0.019
Maine,23027,Waldo County,355,177,0.019
Maine,23029,Washington County,368,143,0.031
Maine,23031,York County,3662,1039,0.033
Maryland,24001,Allegany County,254,191,0.01
Maryland,24003,Anne Arundel County,24742,2179,0.083
Maryland,24005,Baltimore County,17419,2326,0.042
Maryland,24510,Baltimore city,9103,1639,0.034
Maryland,24009,Calvert County,5106,1164,0.103
Maryland,24011,Caroline County,201,131,0.013
Maryland,24013,Carroll County,3669,999,0.04
Maryland,24015,Cecil County,3666,1124,0.074
Maryland,24017,Charles County,12985,1982,0.152
Maryland,24019,Dorchester County,208,153,0.014
Maryland,24021,Frederick County,11062,1526,0.073
Maryland,24023,Garrett County,169,158,0.012
Maryland,24025,Harford County,8827,1287,0.068
Maryland,24027,Howard County,13064,1720,0.077
Maryland,24031,Montgomery County,51377,3065,0.094
Maryland,24033,Prince George's County,50258,3732,0.104
Maryland,24035,Queen Anne's County,228,140,0.008
Maryland,24039,Somerset County,222,246,0.029
Maryland,24037,St. Mary's County,8037,1366,0.147
Maryland,24041,Talbot County,339,228,0.019
Maryland,24043,Washington County,2293,752,0.033
Maryland,24045,Wicomico County,569,346,0.011
Maryland,24047,Worcester County,427,191,0.017
Massachusetts,25001,Barnstable County,1840,707,0.017
Massachusetts,25003,Berkshire County,554,335,0.009
Massachusetts,25005,Bristol County,2767,816,0.01
Massachusetts,25009,Essex County,5224,1069,0.013
Massachusetts,25011,Franklin County,570,325,0.016
Massachusetts,25013,Hampden County,3614,825,0.017
Massachusetts,25015,Hampshire County,973,480,0.012
Massachusetts,25017,Middlesex County,10777,1372,0.012
Massachusetts,25021,Norfolk County,5196,1046,0.014
Massachusetts,25023,Plymouth County,3422,864,0.013
Massachusetts,25025,Suffolk County,4015,946,0.009
Massachusetts,25027,Worcester County,4762,1114,0.011
Michigan,26005,Allegan County,569,359,0.01
Michigan,26007,Alpena County,344,299,0.03
Michigan,26009,Antrim County,506,486,0.045
Michigan,26015,Barry County,331,207,0.011
Michigan,26017,Bay County,430,185,0.01
Michigan,26021,Berrien County,284,156,0.004
Michigan,26023,Branch County,260,154,0.014
Michigan,26025,Calhoun County,1144,394,0.02
Michigan,26027,Cass County,285,235,0.013
Michigan,26029,Charlevoix County,123,154,0.01
Michigan,26031,Cheboygan County,259,172,0.024
Michigan,26033,Chippewa County,550,198,0.038
Michigan,26035,Clare County,115,83,0.011
Michigan,26037,Clinton County,202,144,0.005
Michigan,26041,Delta County,202,123,0.014
Michigan,26043,Dickinson County,593,289,0.05
Michigan,26045,Eaton County,814,353,0.016
Michigan,26047,Emmet County,84,66,0.005
Michigan,26049,Genesee County,1591,607,0.009
Michigan,26051,Gladwin County,157,109,0.016
Michigan,26055,Grand Traverse County,606,481,0.013
Michigan,26057,Gratiot County,45,40,0.003
Michigan,26059,Hillsdale County,158,96,0.008
Michigan,26061,Houghton County,163,166,0.01
Michigan,26063,Huron County,146,83,0.011
Michigan,26065,Ingham County,1386,420,0.01
Michigan,26067,Ionia County,170,143,0.006
Michigan,26069,Iosco County,102,97,0.01
Michigan,26073,Isabella County,757,506,0.025
Michigan,26075,Jackson County,492,207,0.007
Michigan,26077,Kalamazoo County,1193,486,0.009
Michigan,26081,Kent County,3098,1051,0.009
Michigan,26087,Lapeer County,272,201,0.007
Michigan,26089,Leelanau County,204,126,0.021
Michigan,26091,Lenawee County,668,371,0.015
Michigan,26093,Livingston County,939,383,0.01
Michigan,26099,Macomb County,5873,959,0.014
Michigan,26101,Manistee County,121,92,0.013
Michigan,26103,Marquette County,416,204,0.014
Michigan,26105,Mason County,32,40,0.003
Michigan,26107,Mecosta County,406,247,0.023
Michigan,26109,Menominee County,244,134,0.025
Michigan,26111,Midland County,327,186,0.009
Michigan,26115,Monroe County,556,240,0.008
Michigan,26117,Montcalm County,401,250,0.013
Michigan,26121,Muskegon County,390,298,0.005
Michigan,26123,Newaygo County,445,357,0.021
Michigan,26125,Oakland County,6307,1155,0.01
Michigan,26127,Oceana County,306,223,0.029
Michigan,26129,Ogemaw County,115,97,0.014
Michigan,26133,Osceola County,75,52,0.008
Michigan,26137,Otsego County,139,98,0.011
Michigan,26139,Ottawa County,781,412,0.005
Michigan,26143,Roscommon County,130,106,0.016
Michigan,26145,Saginaw County,1008,414,0.012
Michigan,26151,Sanilac County,152,104,0.009
Michigan,26155,Shiawassee County,427,225,0.014
Michigan,26147,St. Clair County,1111,405,0.015
Michigan,26149,St. Joseph County,291,173,0.011
Michigan,26157,Tuscola County,352,178,0.016
Michigan,26159,Van Buren County,211,106,0.007
Michigan,26161,Washtenaw County,1474,432,0.008
Michigan,26163,Wayne County,10954,1585,0.015
Michigan,26165,Wexford County,350,278,0.023
Minnesota,27003,Anoka County,1744,532,0.009
Minnesota,27005,Becker County,268,107,0.017
Minnesota,27007,Beltrami County,600,263,0.028
Minnesota,27009,Benton County,226,201,0.011
Minnesota,27013,Blue Earth County,188,117,0.005
Minnesota,27015,Brown County,50,50,0.004
Minnesota,27017,Carlton County,317,215,0.019
Minnesota,27019,Carver County,262,130,0.004
Minnesota,27021,Cass County,75,71,0.006
Minnesota,27025,Chisago County,211,183,0.007
Minnesota,27027,Clay County,519,305,0.015
Minnesota,27035,Crow Wing County,246,125,0.008
Minnesota,27037,Dakota County,3247,999,0.014
Minnesota,27039,Dodge County,29,34,0.003
Minnesota,27041,Douglas County,91,73,0.005
Minnesota,27045,Fillmore County,95,60,0.009
Minnesota,27047,Freeborn County,128,121,0.009
Minnesota,27049,Goodhue County,152,97,0.006
Minnesota,27053,Hennepin County,7394,1323,0.011
Minnesota,27057,Hubbard County,150,88,0.015
Minnesota,27059,Isanti County,72,73,0.003
Minnesota,27061,Itasca County,32,26,0.002
Minnesota,27067,Kandiyohi County,134,95,0.007
Minnesota,27079,Le Sueur County,158,104,0.011
Minnesota,27083,Lyon County,118,100,0.01
Minnesota,27091,Martin County,0,108,0
Minnesota,27085,McLeod County,123,112,0.007
Minnesota,27093,Meeker County,89,60,0.008
Minnesota,27095,Mille Lacs County,167,82,0.013
Minnesota,27097,Morrison County,438,173,0.027
Minnesota,27099,Mower County,177,178,0.009
Minnesota,27103,Nicollet County,37,53,0.002
Minnesota,27105,Nobles County,20,20,0.002
Minnesota,27109,Olmsted County,695,331,0.008
Minnesota,27111,Otter Tail County,209,101,0.007
Minnesota,27115,Pine County,364,285,0.028
Minnesota,27119,Polk County,111,62,0.007
Minnesota,27123,Ramsey County,2888,682,0.01
Minnesota,27131,Rice County,381,248,0.011
Minnesota,27139,Scott County,849,397,0.01
Minnesota,27141,Sherburne County,280,187,0.005
Minnesota,27137,St. Louis County,1300,410,0.013
Minnesota,27145,Stearns County,1734,645,0.021
Minnesota,27147,Steele County,123,118,0.007
Minnesota,27153,Todd County,220,122,0.019
Minnesota,27157,Wabasha County,47,40,0.004
Minnesota,27163,Washington County,1794,718,0.013
Minnesota,27169,Winona County,83,69,0.003
Minnesota,27171,Wright County,435,253,0.005
Mississippi,28001,Adams County,73,95,0.007
Mississippi,28003,Alcorn County,137,140,0.009
Mississippi,28011,Bolivar County,0,152,0
Mississippi,28027,Coahoma County,55,72,0.007
Mississippi,28029,Copiah County,29,49,0.003
Mississippi,28033,DeSoto County,1833,949,0.019
Mississippi,28035,Forrest County,794,431,0.022
Mississippi,28039,George County,360,337,0.04
Mississippi,28043,Grenada County,253,286,0.032
Mississippi,28045,Hancock County,1165,517,0.058
Mississippi,28047,Harrison County,4949,1166,0.056
Mississippi,28049,Hinds County,2581,860,0.027
Mississippi,28057,Itawamba County,92,111,0.009
Mississippi,28059,Jackson County,3033,855,0.046
Mississippi,28067,Jones County,209,217,0.008
Mississippi,28071,Lafayette County,493,396,0.019
Mississippi,28073,Lamar County,479,270,0.016
Mississippi,28075,Lauderdale County,1294,568,0.045
Mississippi,28081,Lee County,322,241,0.009
Mississippi,28083,Leflore County,294,346,0.029
Mississippi,28085,Lincoln County,49,78,0.004
Mississippi,28087,Lowndes County,985,710,0.043
Mississippi,28089,Madison County,303,217,0.006
Mississippi,28091,Marion County,0,152,0
Mississippi,28093,Marshall County,221,215,0.015
Mississippi,28095,Monroe County,382,340,0.026
Mississippi,28099,Neshoba County,857,305,0.071
Mississippi,28101,Newton County,204,173,0.029
Mississippi,28105,Oktibbeha County,59,72,0.003
Mississippi,28107,Panola County,331,364,0.029
Mississippi,28109,Pearl River County,502,289,0.021
Mississippi,28113,Pike County,386,318,0.029
Mississippi,28115,Pontotoc County,144,188,0.011
Mississippi,28117,Prentiss County,134,158,0.012
Mississippi,28121,Rankin County,1352,518,0.018
Mississippi,28123,Scott County,92,143,0.008
Mississippi,28127,Simpson County,58,82,0.005
Mississippi,28133,Sunflower County,91,104,0.01
Mississippi,28137,Tate County,39,71,0.003
Mississippi,28139,Tippah County,44,68,0.005
Mississippi,28145,Union County,132,209,0.012
Mississippi,28149,Warren County,1355,491,0.077
Mississippi,28151,Washington County,357,308,0.027
Mississippi,28153,Wayne County,83,144,0.012
Missouri,29001,Adair County,270,215,0.024
Missouri,29007,Audrain County,148,181,0.017
Missouri,29009,Barry County,53,72,0.003
Missouri,29015,Benton County,250,210,0.035
Missouri,29019,Boone County,1908,674,0.02
Missouri,29021,Buchanan County,296,173,0.008
Missouri,29023,Butler County,437,351,0.024
Missouri,29027,Callaway County,641,468,0.034
Missouri,29029,Camden County,329,293,0.018
Missouri,29031,Cape Girardeau County,686,434,0.016
Missouri,29037,Cass County,1272,450,0.023
Missouri,29043,Christian County,396,200,0.009
Missouri,29047,Clay County,3601,834,0.027
Missouri,29049,Clinton County,336,239,0.031
Missouri,29051,Cole County,336,189,0.009
Missouri,29055,Crawford County,8,14,0.001
Missouri,29069,Dunklin County,148,132,0.014
Missouri,29071,Franklin County,326,204,0.006
Missouri,29077,Greene County,1296,488,0.009
Missouri,29083,Henry County,176,132,0.02
Missouri,29091,Howell County,486,355,0.027
Missouri,29095,Jackson County,9759,1522,0.027
Missouri,29097,Jasper County,461,271,0.008
Missouri,29099,Jefferson County,1662,615,0.014
Missouri,29101,Johnson County,790,351,0.032
Missouri,29105,Laclede County,632,469,0.04
Missouri,29107,Lafayette County,181,167,0.012
Missouri,29109,Lawrence County,233,162,0.014
Missouri,29113,Lincoln County,94,121,0.003
Missouri,29127,Marion County,190,226,0.015
Missouri,29119,McDonald County,58,82,0.005
Missouri,29131,Miller County,178,244,0.018
Missouri,29141,Morgan County,196,149,0.027
Missouri,29145,Newton County,221,174,0.009
Missouri,29147,Nodaway County,202,143,0.021
Missouri,29159,Pettis County,538,276,0.028
Missouri,29161,Phelps County,519,275,0.028
Missouri,29165,Platte County,1401,572,0.025
Missouri,29167,Polk County,168,134,0.012
Missouri,29169,Pulaski County,2205,797,0.121
Missouri,29175,Randolph County,106,117,0.009
Missouri,29177,Ray County,281,192,0.027
Missouri,29195,Saline County,149,134,0.014
Missouri,29201,Scott County,189,149,0.011
Missouri,29183,St. Charles County,1161,485,0.005
Missouri,29187,St. Francois County,386,238,0.014
Missouri,29189,St. Louis County,9027,1606,0.018
Missouri,29510,St. Louis city,3579,1071,0.024
Missouri,29207,Stoddard County,142,127,0.012
Missouri,29209,Stone County,34,64,0.003
Missouri,29213,Taney County,278,207,0.01
Missouri,29215,Texas County,275,216,0.031
Missouri,29217,Vernon County,108,121,0.014
Missouri,29219,Warren County,115,111,0.006
Missouri,29221,Washington County,162,137,0.019
Missouri,29225,Webster County,276,180,0.015
Montana,30013,Cascade County,1345,437,0.036
Montana,30029,Flathead County,1417,519,0.025
Montana,30031,Gallatin County,1257,630,0.017
Montana,30047,Lake County,337,180,0.025
Montana,30049,Lewis and Clark County,1473,577,0.043
Montana,30053,Lincoln County,408,257,0.053
Montana,30063,Missoula County,1111,410,0.017
Montana,30081,Ravalli County,605,381,0.03
Montana,30093,Silver Bow County,620,369,0.039
Montana,30111,Yellowstone County,1524,523,0.018
Nebraska,31001,Adams County,91,91,0.006
Nebraska,31019,Buffalo County,423,252,0.015
Nebraska,31025,Cass County,219,185,0.016
Nebraska,31043,Dakota County,40,45,0.004
Nebraska,31047,Dawson County,189,184,0.017
Nebraska,31053,Dodge County,91,123,0.005
Nebraska,31055,Douglas County,5370,1249,0.018
Nebraska,31067,Gage County,126,116,0.012
Nebraska,31079,Hall County,400,235,0.013
Nebraska,31109,Lancaster County,2780,653,0.017
Nebraska,31111,Lincoln County,261,284,0.016
Nebraska,31119,Madison County,209,132,0.011
Nebraska,31141,Platte County,178,171,0.011
Nebraska,31153,Sarpy County,4044,756,0.039
Nebraska,31155,Saunders County,81,80,0.007
Nebraska,31157,Scotts Bluff County,214,259,0.013
Nebraska,31177,Washington County,33,67,0.003
Nevada,32510,Carson City,595,368,0.022
Nevada,32001,Churchill County,901,608,0.085
Nevada,32003,Clark County,19605,1966,0.018
Nevada,32005,Douglas County,165,220,0.008
Nevada,32007,Elko County,462,440,0.017
Nevada,32019,Lyon County,953,462,0.035
Nevada,32023,Nye County,707,589,0.042
Nevada,32031,Washoe County,3858,895,0.016
New Hampshire,33001,Belknap County,641,457,0.02
New Hampshire,33003,Carroll County,53,88,0.002
New Hampshire,33005,Cheshire County,396,313,0.01
New Hampshire,33007,Coos County,158,125,0.011
New Hampshire,33009,Grafton County,707,344,0.015
New Hampshire,33011,Hillsborough County,3446,1040,0.015
New Hampshire,33013,Merrimack County,1139,389,0.014
New Hampshire,33015,Rockingham County,3138,650,0.019
New Hampshire,33017,Strafford County,2927,825,0.042
New Hampshire,33019,Sullivan County,385,295,0.018
New Jersey,34001,Atlantic County,1696,566,0.013
New Jersey,34003,Bergen County,4955,986,0.01
New Jersey,34005,Burlington County,5430,1330,0.023
New Jersey,34007,Camden County,4343,1023,0.017
New Jersey,34009,Cape May County,631,319,0.015
New Jersey,34011,Cumberland County,1364,712,0.021
New Jersey,34013,Essex County,5061,1209,0.012
New Jersey,34015,Gloucester County,3277,895,0.021
New Jersey,34017,Hudson County,4089,1144,0.011
New Jersey,34019,Hunterdon County,411,296,0.006
New Jersey,34021,Mercer County,1739,632,0.01
New Jersey,34023,Middlesex County,5108,1150,0.012
New Jersey,34025,Monmouth County,2445,537,0.008
New Jersey,34027,Morris County,3579,866,0.013
New Jersey,34029,Ocean County,3997,993,0.014
New Jersey,34031,Passaic County,1727,612,0.007
New Jersey,34033,Salem County,285,169,0.01
New Jersey,34035,Somerset County,1599,781,0.009
New Jersey,34037,Sussex County,953,386,0.012
New Jersey,34039,Union County,2353,694,0.008
New Jersey,34041,Warren County,875,434,0.015
New Mexico,35001,Bernalillo County,16015,1816,0.05
New Mexico,35005,Chaves County,725,475,0.028
New Mexico,35006,Cibola County,1068,537,0.113
New Mexico,35009,Curry County,1030,576,0.06
New Mexico,35013,Do√±a Ana County,4697,1127,0.049
New Mexico,35015,Eddy County,1339,779,0.054
New Mexico,35017,Grant County,128,156,0.016
New Mexico,35025,Lea County,484,350,0.015
New Mexico,35027,Lincoln County,254,228,0.029
New Mexico,35031,McKinley County,1388,428,0.064
New Mexico,35035,Otero County,1299,467,0.048
New Mexico,35039,Rio Arriba County,2614,760,0.161
New Mexico,35045,San Juan County,1459,462,0.03
New Mexico,35047,San Miguel County,322,247,0.027
New Mexico,35043,Sandoval County,3118,949,0.047
New Mexico,35049,Santa Fe County,2751,734,0.039
New Mexico,35055,Taos County,282,314,0.018
New Mexico,35061,Valencia County,1128,444,0.036
New York,36001,Albany County,3945,976,0.025
New York,36003,Allegany County,111,79,0.005
New York,36005,Bronx County,6664,1433,0.012
New York,36007,Broome County,781,431,0.009
New York,36009,Cattaraugus County,393,161,0.013
New York,36011,Cayuga County,338,195,0.01
New York,36013,Chautauqua County,473,244,0.009
New York,36015,Chemung County,622,318,0.017
New York,36017,Chenango County,197,161,0.01
New York,36019,Clinton County,251,172,0.007
New York,36021,Columbia County,375,364,0.014
New York,36023,Cortland County,381,228,0.018
New York,36025,Delaware County,141,112,0.008
New York,36027,Dutchess County,1862,574,0.013
New York,36029,Erie County,8518,1178,0.019
New York,36031,Essex County,91,78,0.006
New York,36033,Franklin County,434,226,0.022
New York,36035,Fulton County,302,206,0.012
New York,36037,Genesee County,628,296,0.023
New York,36039,Greene County,284,226,0.014
New York,36043,Herkimer County,278,209,0.01
New York,36045,Jefferson County,2232,669,0.05
New York,36047,Kings County,16203,2120,0.013
New York,36049,Lewis County,442,269,0.039
New York,36051,Livingston County,246,243,0.009
New York,36053,Madison County,661,174,0.021
New York,36055,Monroe County,2871,686,0.008
New York,36057,Montgomery County,255,203,0.011
New York,36059,Nassau County,8191,1203,0.012
New York,36061,New York County,10520,1829,0.012
New York,36063,Niagara County,1454,556,0.015
New York,36065,Oneida County,2448,704,0.025
New York,36067,Onondaga County,3529,975,0.016
New York,36069,Ontario County,1186,551,0.022
New York,36071,Orange County,3669,934,0.02
New York,36073,Orleans County,208,172,0.012
New York,36075,Oswego County,673,338,0.013
New York,36077,Otsego County,154,112,0.006
New York,36079,Putnam County,381,315,0.007
New York,36081,Queens County,15158,1976,0.014
New York,36083,Rensselaer County,1287,381,0.016
New York,36085,Richmond County,2689,904,0.012
New York,36087,Rockland County,632,340,0.004
New York,36091,Saratoga County,1784,576,0.015
New York,36093,Schenectady County,1484,454,0.021
New York,36095,Schoharie County,226,171,0.017
New York,36099,Seneca County,83,73,0.006
New York,36089,St. Lawrence County,323,160,0.007
New York,36101,Steuben County,322,126,0.008
New York,36103,Suffolk County,13647,1829,0.018
New York,36105,Sullivan County,631,423,0.018
New York,36107,Tioga County,112,124,0.006
New York,36109,Tompkins County,350,305,0.007
New York,36111,Ulster County,670,335,0.008
New York,36113,Warren County,468,368,0.014
New York,36115,Washington County,473,287,0.018
New York,36117,Wayne County,347,195,0.008
New York,36119,Westchester County,5067,1091,0.01
New York,36121,Wyoming County,86,67,0.005
New York,36123,Yates County,346,161,0.035
North Carolina,37001,Alamance County,375,241,0.004
North Carolina,37003,Alexander County,128,175,0.008
North Carolina,37007,Anson County,107,152,0.012
North Carolina,37009,Ashe County,0,152,0
North Carolina,37013,Beaufort County,174,156,0.01
North Carolina,37017,Bladen County,97,123,0.009
North Carolina,37019,Brunswick County,901,499,0.014
North Carolina,37021,Buncombe County,2013,700,0.016
North Carolina,37023,Burke County,525,352,0.013
North Carolina,37025,Cabarrus County,995,503,0.008
North Carolina,37027,Caldwell County,377,247,0.01
North Carolina,37031,Carteret County,1836,534,0.057
North Carolina,37033,Caswell County,23,40,0.003
North Carolina,37035,Catawba County,1034,755,0.013
North Carolina,37037,Chatham County,99,115,0.003
North Carolina,37039,Cherokee County,339,259,0.03
North Carolina,37045,Cleveland County,369,275,0.008
North Carolina,37047,Columbus County,155,149,0.008
North Carolina,37049,Craven County,2109,696,0.054
North Carolina,37051,Cumberland County,8105,1155,0.065
North Carolina,37053,Currituck County,1242,538,0.081
North Carolina,37055,Dare County,377,270,0.021
North Carolina,37057,Davidson County,229,194,0.003
North Carolina,37059,Davie County,21,38,0.001
North Carolina,37061,Duplin County,420,317,0.021
North Carolina,37063,Durham County,3926,1234,0.022
North Carolina,37065,Edgecombe County,364,311,0.017
North Carolina,37067,Forsyth County,2639,914,0.015
North Carolina,37069,Franklin County,337,311,0.009
North Carolina,37071,Gaston County,1331,642,0.012
North Carolina,37077,Granville County,406,268,0.015
North Carolina,37079,Greene County,129,121,0.017
North Carolina,37081,Guilford County,4754,1347,0.018
North Carolina,37083,Halifax County,134,96,0.008
North Carolina,37085,Harnett County,2155,672,0.041
North Carolina,37087,Haywood County,337,181,0.011
North Carolina,37089,Henderson County,712,376,0.014
North Carolina,37091,Hertford County,501,460,0.063
North Carolina,37093,Hoke County,1482,462,0.07
North Carolina,37097,Iredell County,600,431,0.006
North Carolina,37099,Jackson County,359,312,0.019
North Carolina,37101,Johnston County,1014,410,0.009
North Carolina,37105,Lee County,172,172,0.006
North Carolina,37107,Lenoir County,440,364,0.021
North Carolina,37109,Lincoln County,623,413,0.014
North Carolina,37113,Macon County,364,376,0.023
North Carolina,37115,Madison County,102,123,0.01
North Carolina,37117,Martin County,200,270,0.021
North Carolina,37111,McDowell County,549,328,0.031
North Carolina,37119,Mecklenburg County,8088,1649,0.013
North Carolina,37123,Montgomery County,354,283,0.033
North Carolina,37125,Moore County,1297,547,0.032
North Carolina,37127,Nash County,560,396,0.013
North Carolina,37129,New Hanover County,1364,572,0.011
North Carolina,37133,Onslow County,5980,1397,0.083
North Carolina,37135,Orange County,1203,482,0.016
North Carolina,37139,Pasquotank County,1095,467,0.062
North Carolina,37141,Pender County,268,185,0.009
North Carolina,37145,Person County,225,199,0.012
North Carolina,37147,Pitt County,707,504,0.009
North Carolina,37149,Polk County,114,116,0.014
North Carolina,37151,Randolph County,421,300,0.006
North Carolina,37153,Richmond County,102,176,0.006
North Carolina,37155,Robeson County,686,290,0.017
North Carolina,37157,Rockingham County,398,321,0.01
North Carolina,37159,Rowan County,1344,619,0.02
North Carolina,37161,Rutherford County,265,193,0.009
North Carolina,37163,Sampson County,139,109,0.006
North Carolina,37165,Scotland County,119,105,0.01
North Carolina,37167,Stanly County,394,305,0.014
North Carolina,37169,Stokes County,264,252,0.012
North Carolina,37171,Surry County,93,107,0.003
North Carolina,37175,Transylvania County,211,204,0.015
North Carolina,37179,Union County,1474,729,0.012
North Carolina,37181,Vance County,388,309,0.022
North Carolina,37183,Wake County,8086,1541,0.013
North Carolina,37189,Watauga County,208,232,0.008
North Carolina,37191,Wayne County,964,524,0.02
North Carolina,37193,Wilkes County,25,49,0.001
North Carolina,37195,Wilson County,140,171,0.004
North Carolina,37197,Yadkin County,215,224,0.013
North Dakota,38015,Burleigh County,1620,678,0.033
North Dakota,38017,Cass County,1858,683,0.017
North Dakota,38035,Grand Forks County,737,427,0.019
North Dakota,38059,Morton County,431,298,0.024
North Dakota,38089,Stark County,351,359,0.022
North Dakota,38093,Stutsman County,193,178,0.019
North Dakota,38101,Ward County,1135,648,0.038
North Dakota,38105,Williams County,174,175,0.009
Ohio,39001,Adams County,118,142,0.012
Ohio,39003,Allen County,290,178,0.006
Ohio,39005,Ashland County,60,73,0.003
Ohio,39007,Ashtabula County,439,364,0.011
Ohio,39009,Athens County,371,355,0.013
Ohio,39011,Auglaize County,28,38,0.001
Ohio,39013,Belmont County,169,158,0.006
Ohio,39015,Brown County,95,96,0.005
Ohio,39017,Butler County,3636,1165,0.02
Ohio,39019,Carroll County,165,186,0.014
Ohio,39021,Champaign County,156,164,0.009
Ohio,39023,Clark County,896,318,0.016
Ohio,39025,Clermont County,935,517,0.009
Ohio,39027,Clinton County,232,200,0.012
Ohio,39029,Columbiana County,363,239,0.008
Ohio,39031,Coshocton County,41,54,0.003
Ohio,39033,Crawford County,0,143,0
Ohio,39035,Cuyahoga County,10117,1459,0.017
Ohio,39037,Darke County,285,180,0.013
Ohio,39039,Defiance County,127,197,0.007
Ohio,39041,Delaware County,793,338,0.007
Ohio,39043,Erie County,44,53,0.001
Ohio,39045,Fairfield County,1290,688,0.017
Ohio,39047,Fayette County,191,203,0.015
Ohio,39049,Franklin County,8269,1316,0.012
Ohio,39051,Fulton County,233,171,0.011
Ohio,39053,Gallia County,153,189,0.013
Ohio,39055,Geauga County,424,224,0.009
Ohio,39057,Greene County,5983,1030,0.074
Ohio,39059,Guernsey County,121,153,0.008
Ohio,39061,Hamilton County,6976,1600,0.017
Ohio,39063,Hancock County,160,161,0.004
Ohio,39065,Hardin County,42,53,0.003
Ohio,39069,Henry County,89,119,0.007
Ohio,39071,Highland County,119,132,0.006
Ohio,39073,Hocking County,88,99,0.008
Ohio,39075,Holmes County,136,148,0.007
Ohio,39077,Huron County,490,261,0.018
Ohio,39079,Jackson County,161,158,0.012
Ohio,39081,Jefferson County,286,247,0.011
Ohio,39083,Knox County,195,166,0.007
Ohio,39085,Lake County,1639,615,0.014
Ohio,39087,Lawrence County,222,216,0.009
Ohio,39089,Licking County,1410,488,0.016
Ohio,39091,Logan County,127,130,0.006
Ohio,39093,Lorain County,2395,684,0.016
Ohio,39095,Lucas County,1738,519,0.009
Ohio,39097,Madison County,0,143,0
Ohio,39099,Mahoning County,1237,389,0.013
Ohio,39101,Marion County,239,241,0.009
Ohio,39103,Medina County,759,283,0.008
Ohio,39105,Meigs County,173,211,0.02
Ohio,39107,Mercer County,337,258,0.016
Ohio,39109,Miami County,743,336,0.015
Ohio,39113,Montgomery County,8726,1555,0.035
Ohio,39117,Morrow County,244,229,0.015
Ohio,39119,Muskingum County,183,171,0.005
Ohio,39123,Ottawa County,177,191,0.009
Ohio,39127,Perry County,151,123,0.01
Ohio,39129,Pickaway County,565,409,0.021
Ohio,39131,Pike County,64,85,0.007
Ohio,39133,Portage County,640,423,0.008
Ohio,39135,Preble County,420,206,0.021
Ohio,39137,Putnam County,56,56,0.003
Ohio,39139,Richland County,425,263,0.008
Ohio,39141,Ross County,810,373,0.027
Ohio,39143,Sandusky County,224,213,0.008
Ohio,39145,Scioto County,940,519,0.032
Ohio,39147,Seneca County,69,90,0.003
Ohio,39149,Shelby County,55,97,0.002
Ohio,39151,Stark County,1821,640,0.011
Ohio,39153,Summit County,2663,775,0.01
Ohio,39155,Trumbull County,710,320,0.008
Ohio,39157,Tuscarawas County,241,171,0.006
Ohio,39159,Union County,351,235,0.009
Ohio,39161,Van Wert County,455,303,0.036
Ohio,39165,Warren County,2350,741,0.018
Ohio,39167,Washington County,662,288,0.026
Ohio,39169,Wayne County,427,279,0.008
Ohio,39171,Williams County,34,48,0.002
Ohio,39173,Wood County,539,299,0.008
Ohio,39175,Wyandot County,169,130,0.016
Oklahoma,40001,Adair County,343,191,0.046
Oklahoma,40009,Beckham County,91,97,0.012
Oklahoma,40013,Bryan County,1021,309,0.05
Oklahoma,40015,Caddo County,497,176,0.05
Oklahoma,40017,Canadian County,2567,678,0.031
Oklahoma,40019,Carter County,428,162,0.02
Oklahoma,40021,Cherokee County,930,336,0.046
Oklahoma,40027,Cleveland County,7768,1475,0.054
Oklahoma,40031,Comanche County,3653,522,0.087
Oklahoma,40037,Creek County,316,165,0.01
Oklahoma,40039,Custer County,547,298,0.041
Oklahoma,40041,Delaware County,344,150,0.021
Oklahoma,40047,Garfield County,674,363,0.025
Oklahoma,40049,Garvin County,191,102,0.019
Oklahoma,40051,Grady County,850,331,0.032
Oklahoma,40065,Jackson County,945,342,0.092
Oklahoma,40071,Kay County,591,271,0.032
Oklahoma,40079,Le Flore County,472,181,0.026
Oklahoma,40081,Lincoln County,327,157,0.024
Oklahoma,40083,Logan County,276,191,0.012
Oklahoma,40097,Mayes County,462,185,0.026
Oklahoma,40087,McClain County,684,303,0.032
Oklahoma,40089,McCurtain County,322,131,0.028
Oklahoma,40091,McIntosh County,296,235,0.048
Oklahoma,40101,Muskogee County,1870,540,0.076
Oklahoma,40109,Oklahoma County,13948,1689,0.037
Oklahoma,40111,Okmulgee County,460,234,0.035
Oklahoma,40113,Osage County,500,171,0.028
Oklahoma,40115,Ottawa County,591,153,0.051
Oklahoma,40119,Payne County,1078,515,0.029
Oklahoma,40121,Pittsburg County,1235,281,0.076
Oklahoma,40123,Pontotoc County,1915,434,0.109
Oklahoma,40125,Pottawatomie County,1629,350,0.055
Oklahoma,40131,Rogers County,781,280,0.017
Oklahoma,40133,Seminole County,519,167,0.057
Oklahoma,40135,Sequoyah County,225,115,0.015
Oklahoma,40137,Stephens County,402,208,0.023
Oklahoma,40143,Tulsa County,5205,734,0.016
Oklahoma,40145,Wagoner County,721,211,0.017
Oklahoma,40147,Washington County,628,353,0.029
Oregon,41003,Benton County,965,472,0.02
Oregon,41005,Clackamas County,1729,635,0.008
Oregon,41007,Clatsop County,237,256,0.013
Oregon,41009,Columbia County,262,246,0.012
Oregon,41011,Coos County,340,206,0.013
Oregon,41013,Crook County,102,130,0.009
Oregon,41015,Curry County,106,138,0.017
Oregon,41017,Deschutes County,1295,614,0.012
Oregon,41019,Douglas County,1356,577,0.031
Oregon,41027,Hood River County,32,51,0.003
Oregon,41029,Jackson County,1270,550,0.013
Oregon,41031,Jefferson County,132,101,0.011
Oregon,41033,Josephine County,378,202,0.012
Oregon,41035,Klamath County,932,460,0.037
Oregon,41039,Lane County,2421,687,0.014
Oregon,41041,Lincoln County,567,296,0.03
Oregon,41043,Linn County,596,414,0.01
Oregon,41045,Malheur County,383,290,0.031
Oregon,41047,Marion County,1072,492,0.007
Oregon,41051,Multnomah County,5448,1141,0.013
Oregon,41053,Polk County,352,313,0.009
Oregon,41057,Tillamook County,0,149,0
Oregon,41059,Umatilla County,674,386,0.02
Oregon,41061,Union County,79,104,0.007
Oregon,41065,Wasco County,48,69,0.004
Oregon,41067,Washington County,2376,628,0.008
Oregon,41071,Yamhill County,870,506,0.019
Pennsylvania,42001,Adams County,932,322,0.018
Pennsylvania,42003,Allegheny County,9949,1573,0.016
Pennsylvania,42005,Armstrong County,224,143,0.008
Pennsylvania,42007,Beaver County,1251,519,0.016
Pennsylvania,42009,Bedford County,368,250,0.017
Pennsylvania,42011,Berks County,1471,521,0.007
Pennsylvania,42013,Blair County,952,338,0.018
Pennsylvania,42015,Bradford County,306,173,0.012
Pennsylvania,42017,Bucks County,2895,739,0.009
Pennsylvania,42019,Butler County,1613,522,0.017
Pennsylvania,42021,Cambria County,1130,405,0.02
Pennsylvania,42025,Carbon County,297,206,0.01
Pennsylvania,42027,Centre County,612,333,0.009
Pennsylvania,42029,Chester County,3389,807,0.012
Pennsylvania,42031,Clarion County,316,148,0.018
Pennsylvania,42033,Clearfield County,481,272,0.014
Pennsylvania,42035,Clinton County,198,104,0.012
Pennsylvania,42037,Columbia County,162,101,0.005
Pennsylvania,42039,Crawford County,209,123,0.006
Pennsylvania,42041,Cumberland County,3319,953,0.025
Pennsylvania,42043,Dauphin County,3369,838,0.024
Pennsylvania,42045,Delaware County,4307,1250,0.016
Pennsylvania,42047,Elk County,112,109,0.008
Pennsylvania,42049,Erie County,1400,464,0.012
Pennsylvania,42051,Fayette County,372,203,0.007
Pennsylvania,42055,Franklin County,1960,705,0.027
Pennsylvania,42059,Greene County,75,71,0.006
Pennsylvania,42061,Huntingdon County,297,207,0.018
Pennsylvania,42063,Indiana County,272,198,0.008
Pennsylvania,42065,Jefferson County,94,75,0.005
Pennsylvania,42067,Juniata County,175,107,0.017
Pennsylvania,42069,Lackawanna County,1604,482,0.017
Pennsylvania,42071,Lancaster County,2488,788,0.009
Pennsylvania,42073,Lawrence County,339,166,0.009
Pennsylvania,42075,Lebanon County,1396,608,0.02
Pennsylvania,42077,Lehigh County,1838,598,0.01
Pennsylvania,42079,Luzerne County,3732,819,0.026
Pennsylvania,42081,Lycoming County,1286,480,0.025
Pennsylvania,42083,McKean County,524,313,0.032
Pennsylvania,42085,Mercer County,813,438,0.017
Pennsylvania,42087,Mifflin County,112,93,0.006
Pennsylvania,42089,Monroe County,1215,435,0.016
Pennsylvania,42091,Montgomery County,4849,898,0.011
Pennsylvania,42095,Northampton County,845,378,0.006
Pennsylvania,42097,Northumberland County,249,130,0.006
Pennsylvania,42099,Perry County,531,244,0.025
Pennsylvania,42101,Philadelphia County,14144,2420,0.019
Pennsylvania,42103,Pike County,516,347,0.02
Pennsylvania,42107,Schuylkill County,757,287,0.012
Pennsylvania,42109,Snyder County,403,202,0.022
Pennsylvania,42111,Somerset County,444,200,0.014
Pennsylvania,42115,Susquehanna County,265,133,0.016
Pennsylvania,42117,Tioga County,119,110,0.007
Pennsylvania,42119,Union County,335,299,0.02
Pennsylvania,42121,Venango County,566,272,0.028
Pennsylvania,42123,Warren County,143,92,0.009
Pennsylvania,42125,Washington County,1471,497,0.014
Pennsylvania,42127,Wayne County,351,182,0.017
Pennsylvania,42129,Westmoreland County,1675,456,0.01
Pennsylvania,42131,Wyoming County,140,110,0.012
Pennsylvania,42133,York County,3863,924,0.017
Puerto Rico,72005,Aguadilla Municipio,54,92,0.003
Puerto Rico,72013,Arecibo Municipio,119,153,0.004
Puerto Rico,72011,A√±asco Municipio,0,172,0
Puerto Rico,72017,Barceloneta Municipio,44,80,0.005
Puerto Rico,72019,Barranquitas Municipio,0,172,0
Puerto Rico,72021,Bayam√≥n Municipio,713,337,0.01
Puerto Rico,72023,Cabo Rojo Municipio,110,134,0.007
Puerto Rico,72025,Caguas Municipio,1312,672,0.027
Puerto Rico,72029,Can√≥vanas Municipio,140,216,0.007
Puerto Rico,72031,Carolina Municipio,1211,659,0.02
Puerto Rico,72033,Cata√±o Municipio,270,240,0.031
Puerto Rico,72035,Cayey Municipio,294,227,0.02
Puerto Rico,72047,Corozal Municipio,51,85,0.005
Puerto Rico,72051,Dorado Municipio,306,401,0.024
Puerto Rico,72053,Fajardo Municipio,0,172,0
Puerto Rico,72061,Guaynabo Municipio,631,336,0.017
Puerto Rico,72063,Gurabo Municipio,314,314,0.02
Puerto Rico,72069,Humacao Municipio,110,126,0.007
Puerto Rico,72075,Juana D√≠az Municipio,107,127,0.006
Puerto Rico,72077,Juncos Municipio,82,134,0.005
Puerto Rico,72081,Lares Municipio,58,94,0.006
Puerto Rico,72085,Las Piedras Municipio,257,300,0.018
Puerto Rico,72087,Lo√≠za Municipio,0,172,0
Puerto Rico,72091,Manat√≠ Municipio,335,331,0.029
Puerto Rico,72097,Mayag√ºez Municipio,56,72,0.003
Puerto Rico,72101,Morovis Municipio,0,172,0
Puerto Rico,72105,Naranjito Municipio,0,172,0
Puerto Rico,72107,Orocovis Municipio,49,85,0.008
Puerto Rico,72113,Ponce Municipio,353,191,0.009
Puerto Rico,72119,R√≠o Grande Municipio,428,442,0.025
Puerto Rico,72127,San Juan Municipio,2507,819,0.02
Puerto Rico,72129,San Lorenzo Municipio,173,234,0.014
Puerto Rico,72131,San Sebasti√°n Municipio,0,172,0
Puerto Rico,72135,Toa Alta Municipio,976,491,0.034
Puerto Rico,72137,Toa Baja Municipio,715,436,0.023
Puerto Rico,72139,Trujillo Alto Municipio,547,377,0.017
Puerto Rico,72141,Utuado Municipio,0,172,0
Puerto Rico,72143,Vega Alta Municipio,223,242,0.018
Puerto Rico,72145,Vega Baja Municipio,421,400,0.026
Puerto Rico,72149,Villalba Municipio,341,307,0.048
Puerto Rico,72153,Yauco Municipio,23,45,0.002
Rhode Island,44001,Bristol County,942,432,0.038
Rhode Island,44003,Kent County,2301,757,0.027
Rhode Island,44005,Newport County,2319,779,0.058
Rhode Island,44007,Providence County,4693,1295,0.015
Rhode Island,44009,Washington County,1624,726,0.025
South Carolina,45001,Abbeville County,40,54,0.004
South Carolina,45003,Aiken County,4337,1122,0.056
South Carolina,45007,Anderson County,1709,694,0.017
South Carolina,45011,Barnwell County,424,215,0.059
South Carolina,45013,Beaufort County,1941,846,0.025
South Carolina,45015,Berkeley County,4505,1270,0.037
South Carolina,45019,Charleston County,4234,1215,0.02
South Carolina,45021,Cherokee County,236,228,0.01
South Carolina,45023,Chester County,19,34,0.002
South Carolina,45025,Chesterfield County,129,93,0.007
South Carolina,45027,Clarendon County,76,106,0.007
South Carolina,45029,Colleton County,102,98,0.007
South Carolina,45031,Darlington County,396,380,0.016
South Carolina,45033,Dillon County,176,191,0.015
South Carolina,45035,Dorchester County,2395,869,0.03
South Carolina,45037,Edgefield County,534,313,0.045
South Carolina,45039,Fairfield County,320,231,0.037
South Carolina,45041,Florence County,469,300,0.008
South Carolina,45043,Georgetown County,176,250,0.007
South Carolina,45045,Greenville County,2699,964,0.01
South Carolina,45047,Greenwood County,204,175,0.006
South Carolina,45051,Horry County,1218,572,0.007
South Carolina,45053,Jasper County,27,47,0.002
South Carolina,45055,Kershaw County,691,477,0.023
South Carolina,45057,Lancaster County,493,442,0.01
South Carolina,45059,Laurens County,183,259,0.006
South Carolina,45063,Lexington County,2694,806,0.018
South Carolina,45067,Marion County,285,228,0.028
South Carolina,45069,Marlboro County,102,104,0.012
South Carolina,45071,Newberry County,105,141,0.007
South Carolina,45073,Oconee County,100,122,0.003
South Carolina,45075,Orangeburg County,257,187,0.008
South Carolina,45077,Pickens County,778,350,0.013
South Carolina,45079,Richland County,6253,1351,0.032
South Carolina,45083,Spartanburg County,1091,615,0.007
South Carolina,45085,Sumter County,1624,687,0.042
South Carolina,45087,Union County,78,108,0.007
South Carolina,45089,Williamsburg County,216,167,0.018
South Carolina,45091,York County,910,438,0.006
South Dakota,46005,Beadle County,261,151,0.027
South Dakota,46011,Brookings County,110,112,0.006
South Dakota,46013,Brown County,230,227,0.012
South Dakota,46029,Codington County,119,117,0.009
South Dakota,46081,Lawrence County,434,293,0.031
South Dakota,46083,Lincoln County,750,400,0.019
South Dakota,46093,Meade County,964,442,0.067
South Dakota,46099,Minnehaha County,1565,555,0.014
South Dakota,46103,Pennington County,990,414,0.018
South Dakota,46135,Yankton County,372,194,0.034
Tennessee,47001,Anderson County,1441,428,0.041
Tennessee,47003,Bedford County,672,328,0.026
Tennessee,47009,Blount County,1277,599,0.019
Tennessee,47011,Bradley County,895,401,0.018
Tennessee,47013,Campbell County,291,153,0.018
Tennessee,47017,Carroll County,137,143,0.012
Tennessee,47019,Carter County,210,166,0.01
Tennessee,47021,Cheatham County,331,311,0.015
Tennessee,47025,Claiborne County,130,151,0.01
Tennessee,47029,Cocke County,174,200,0.012
Tennessee,47031,Coffee County,803,418,0.031
Tennessee,47035,Cumberland County,248,215,0.01
Tennessee,47037,Davidson County,6067,1316,0.015
Tennessee,47041,DeKalb County,64,100,0.007
Tennessee,47043,Dickson County,106,180,0.004
Tennessee,47045,Dyer County,403,405,0.026
Tennessee,47047,Fayette County,461,331,0.022
Tennessee,47051,Franklin County,307,214,0.016
Tennessee,47053,Gibson County,163,142,0.008
Tennessee,47055,Giles County,222,211,0.016
Tennessee,47057,Grainger County,320,251,0.032
Tennessee,47059,Greene County,469,364,0.015
Tennessee,47063,Hamblen County,126,129,0.004
Tennessee,47065,Hamilton County,4196,942,0.023
Tennessee,47069,Hardeman County,54,72,0.007
Tennessee,47071,Hardin County,149,153,0.015
Tennessee,47073,Hawkins County,137,166,0.006
Tennessee,47077,Henderson County,154,173,0.014
Tennessee,47079,Henry County,170,150,0.012
Tennessee,47081,Hickman County,62,106,0.006
Tennessee,47089,Jefferson County,828,482,0.032
Tennessee,47093,Knox County,4972,1168,0.02
Tennessee,47097,Lauderdale County,105,94,0.013
Tennessee,47099,Lawrence County,347,232,0.017
Tennessee,47103,Lincoln County,358,303,0.023
Tennessee,47105,Loudon County,187,174,0.008
Tennessee,47111,Macon County,287,291,0.025
Tennessee,47113,Madison County,519,316,0.012
Tennessee,47115,Marion County,180,179,0.015
Tennessee,47117,Marshall County,124,153,0.007
Tennessee,47119,Maury County,373,344,0.007
Tennessee,47107,McMinn County,307,176,0.013
Tennessee,47109,McNairy County,41,69,0.004
Tennessee,47123,Monroe County,614,438,0.032
Tennessee,47125,Montgomery County,4938,1170,0.051
Tennessee,47129,Morgan County,768,458,0.092
Tennessee,47131,Obion County,40,40,0.004
Tennessee,47133,Overton County,52,61,0.005
Tennessee,47141,Putnam County,779,394,0.02
Tennessee,47143,Rhea County,528,428,0.034
Tennessee,47145,Roane County,1347,576,0.062
Tennessee,47147,Robertson County,498,275,0.013
Tennessee,47149,Rutherford County,3322,925,0.017
Tennessee,47151,Scott County,119,110,0.015
Tennessee,47155,Sevier County,985,540,0.021
Tennessee,47157,Shelby County,10599,2037,0.026
Tennessee,47159,Smith County,282,207,0.028
Tennessee,47163,Sullivan County,849,460,0.012
Tennessee,47165,Sumner County,1135,564,0.01
Tennessee,47167,Tipton County,952,593,0.038
Tennessee,47173,Union County,147,117,0.014
Tennessee,47177,Warren County,566,383,0.031
Tennessee,47179,Washington County,1871,621,0.03
Tennessee,47183,Weakley County,82,91,0.005
Tennessee,47185,White County,32,60,0.003
Tennessee,47187,Williamson County,1213,466,0.009
Tennessee,47189,Wilson County,2049,1261,0.025
Texas,48001,Anderson County,174,115,0.008
Texas,48005,Angelina County,181,193,0.005
Texas,48007,Aransas County,23,40,0.003
Texas,48013,Atascosa County,226,200,0.012
Texas,48015,Austin County,182,233,0.013
Texas,48019,Bandera County,47,81,0.005
Texas,48021,Bastrop County,377,294,0.008
Texas,48025,Bee County,178,189,0.017
Texas,48027,Bell County,8710,1692,0.055
Texas,48029,Bexar County,30500,3792,0.032
Texas,48037,Bowie County,1754,718,0.047
Texas,48039,Brazoria County,2295,794,0.013
Texas,48041,Brazos County,1903,805,0.017
Texas,48049,Brown County,220,180,0.013
Texas,48053,Burnet County,541,301,0.023
Texas,48055,Caldwell County,915,633,0.043
Texas,48057,Calhoun County,51,93,0.005
Texas,48061,Cameron County,3911,980,0.022
Texas,48067,Cass County,335,281,0.03
Texas,48071,Chambers County,87,149,0.004
Texas,48073,Cherokee County,129,145,0.006
Texas,48085,Collin County,5969,1467,0.01
Texas,48089,Colorado County,141,175,0.014
Texas,48091,Comal County,1989,694,0.022
Texas,48097,Cooke County,10,19,0
Texas,48099,Coryell County,1528,539,0.056
Texas,48113,Dallas County,16463,2062,0.013
Texas,48123,DeWitt County,54,63,0.008
Texas,48121,Denton County,6235,1499,0.012
Texas,48135,Ector County,287,258,0.004
Texas,48141,El Paso County,15862,2334,0.042
Texas,48139,Ellis County,1697,640,0.015
Texas,48143,Erath County,291,253,0.014
Texas,48147,Fannin County,628,394,0.039
Texas,48149,Fayette County,254,223,0.023
Texas,48157,Fort Bend County,3699,1039,0.009
Texas,48161,Freestone County,36,58,0.005
Texas,48167,Galveston County,3609,1009,0.022
Texas,48171,Gillespie County,27,36,0.002
Texas,48177,Gonzales County,139,161,0.016
Texas,48179,Gray County,69,111,0.008
Texas,48181,Grayson County,562,359,0.009
Texas,48183,Gregg County,821,635,0.015
Texas,48185,Grimes County,269,283,0.02
Texas,48187,Guadalupe County,3691,1194,0.04
Texas,48189,Hale County,112,157,0.007
Texas,48199,Hardin County,220,204,0.009
Texas,48201,Harris County,26544,3004,0.011
Texas,48203,Harrison County,112,139,0.003
Texas,48209,Hays County,2874,1009,0.02
Texas,48213,Henderson County,381,287,0.011
Texas,48215,Hidalgo County,7250,1246,0.02
Texas,48217,Hill County,196,141,0.013
Texas,48219,Hockley County,128,153,0.014
Texas,48221,Hood County,311,252,0.011
Texas,48223,Hopkins County,190,161,0.012
Texas,48225,Houston County,322,312,0.04
Texas,48227,Howard County,687,336,0.058
Texas,48231,Hunt County,823,552,0.016
Texas,48241,Jasper County,12,29,0.001
Texas,48245,Jefferson County,1506,828,0.015
Texas,48249,Jim Wells County,32,65,0.002
Texas,48251,Johnson County,1163,705,0.012
Texas,48253,Jones County,119,109,0.018
Texas,48257,Kaufman County,1123,561,0.013
Texas,48259,Kendall County,512,327,0.023
Texas,48265,Kerr County,101,106,0.004
Texas,48273,Kleberg County,554,414,0.038
Texas,48277,Lamar County,260,230,0.012
Texas,48281,Lampasas County,333,211,0.035
Texas,48285,Lavaca County,126,145,0.013
Texas,48291,Liberty County,412,324,0.01
Texas,48293,Limestone County,29,38,0.003
Texas,48299,Llano County,335,401,0.037
Texas,48303,Lubbock County,1906,580,0.012
Texas,48321,Matagorda County,593,640,0.038
Texas,48323,Maverick County,1134,560,0.055
Texas,48309,McLennan County,1577,552,0.013
Texas,48325,Medina County,856,479,0.042
Texas,48329,Midland County,908,587,0.011
Texas,48331,Milam County,344,380,0.033
Texas,48337,Montague County,0,162,0
Texas,48339,Montgomery County,4177,1166,0.013
Texas,48341,Moore County,188,241,0.017
Texas,48347,Nacogdoches County,64,94,0.002
Texas,48349,Navarro County,250,233,0.01
Texas,48355,Nueces County,4575,1185,0.029
Texas,48361,Orange County,335,244,0.009
Texas,48363,Palo Pinto County,65,82,0.005
Texas,48365,Panola County,62,98,0.007
Texas,48367,Parker County,523,297,0.006
Texas,48373,Polk County,182,165,0.01
Texas,48375,Potter County,1377,607,0.027
Texas,48381,Randall County,3727,1466,0.05
Texas,48397,Rockwall County,772,469,0.012
Texas,48401,Rusk County,268,256,0.012
Texas,48407,San Jacinto County,146,159,0.014
Texas,48409,San Patricio County,538,351,0.016
Texas,48419,Shelby County,393,346,0.041
Texas,48423,Smith County,1939,907,0.018
Texas,48427,Starr County,401,324,0.017
Texas,48439,Tarrant County,22095,2887,0.02
Texas,48441,Taylor County,1201,634,0.019
Texas,48449,Titus County,183,215,0.013
Texas,48451,Tom Green County,1906,903,0.036
Texas,48453,Travis County,8995,1570,0.012
Texas,48457,Tyler County,0,162,0
Texas,48459,Upshur County,193,291,0.01
Texas,48463,Uvalde County,0,162,0
Texas,48465,Val Verde County,2164,781,0.116
Texas,48467,Van Zandt County,296,209,0.011
Texas,48469,Victoria County,1054,1148,0.026
Texas,48471,Walker County,425,440,0.014
Texas,48473,Waller County,193,254,0.007
Texas,48477,Washington County,93,123,0.006
Texas,48479,Webb County,2373,738,0.021
Texas,48481,Wharton County,78,75,0.004
Texas,48485,Wichita County,1745,593,0.031
Texas,48489,Willacy County,211,230,0.027
Texas,48491,Williamson County,4352,1023,0.012
Texas,48493,Wilson County,585,274,0.025
Texas,48497,Wise County,629,410,0.018
Texas,48499,Wood County,60,139,0.003
Texas,48503,Young County,183,157,0.02
Utah,49003,Box Elder County,495,239,0.018
Utah,49005,Cache County,1091,407,0.016
Utah,49007,Carbon County,168,121,0.018
Utah,49011,Davis County,8443,1632,0.047
Utah,49013,Duchesne County,113,102,0.012
Utah,49021,Iron County,438,250,0.015
Utah,49035,Salt Lake County,7817,1409,0.013
Utah,49039,Sanpete County,105,78,0.009
Utah,49041,Sevier County,326,192,0.032
Utah,49043,Summit County,363,220,0.016
Utah,49045,Tooele County,1091,434,0.027
Utah,49047,Uintah County,511,408,0.031
Utah,49049,Utah County,2286,694,0.007
Utah,49051,Wasatch County,165,137,0.009
Utah,49053,Washington County,1352,681,0.015
Utah,49057,Weber County,8667,1214,0.063
Vermont,50001,Addison County,200,165,0.01
Vermont,50003,Bennington County,199,157,0.012
Vermont,50005,Caledonia County,121,99,0.008
Vermont,50007,Chittenden County,1667,547,0.017
Vermont,50011,Franklin County,763,258,0.029
Vermont,50015,Lamoille County,214,190,0.015
Vermont,50017,Orange County,130,96,0.009
Vermont,50019,Orleans County,547,258,0.041
Vermont,50021,Rutland County,271,174,0.01
Vermont,50023,Washington County,538,321,0.017
Vermont,50025,Windham County,200,160,0.009
Vermont,50027,Windsor County,584,263,0.021
Virginia,51001,Accomack County,335,241,0.023
Virginia,51003,Albemarle County,1047,466,0.019
Virginia,51510,Alexandria city,10918,1364,0.122
Virginia,51009,Amherst County,196,129,0.014
Virginia,51013,Arlington County,19451,1999,0.139
Virginia,51015,Augusta County,506,311,0.014
Virginia,51019,Bedford County,471,310,0.013
Virginia,51023,Botetourt County,148,161,0.01
Virginia,51031,Campbell County,337,268,0.012
Virginia,51033,Caroline County,1018,453,0.059
Virginia,51035,Carroll County,80,104,0.006
Virginia,51540,Charlottesville city,413,275,0.018
Virginia,51550,Chesapeake city,7215,1370,0.062
Virginia,51041,Chesterfield County,7164,1390,0.038
Virginia,51047,Culpeper County,1036,538,0.041
Virginia,51590,Danville city,242,201,0.014
Virginia,51053,Dinwiddie County,452,536,0.033
Virginia,51059,Fairfax County,54061,3348,0.091
Virginia,51600,Fairfax city,580,311,0.043
Virginia,51061,Fauquier County,1934,495,0.051
Virginia,51065,Fluvanna County,254,263,0.021
Virginia,51067,Franklin County,271,178,0.011
Virginia,51069,Frederick County,1843,661,0.04
Virginia,51630,Fredericksburg city,1468,499,0.1
Virginia,51073,Gloucester County,695,394,0.04
Virginia,51075,Goochland County,267,254,0.022
Virginia,51079,Greene County,305,247,0.032
Virginia,51083,Halifax County,320,236,0.025
Virginia,51650,Hampton city,4227,929,0.069
Virginia,51085,Hanover County,1296,451,0.022
Virginia,51660,Harrisonburg city,340,285,0.014
Virginia,51087,Henrico County,4689,1032,0.028
Virginia,51089,Henry County,200,156,0.01
Virginia,51670,Hopewell city,445,444,0.046
Virginia,51093,Isle of Wight County,695,341,0.036
Virginia,51095,James City County,1416,497,0.04
Virginia,51099,King George County,2190,545,0.159
Virginia,51105,Lee County,246,230,0.04
Virginia,51107,Loudoun County,12070,1823,0.053
Virginia,51109,Louisa County,396,259,0.019
Virginia,51680,Lynchburg city,555,402,0.016
Virginia,51683,Manassas city,1137,574,0.051
Virginia,51117,Mecklenburg County,628,322,0.051
Virginia,51121,Montgomery County,625,307,0.014
Virginia,51127,New Kent County,442,342,0.032
Virginia,51700,Newport News city,4264,946,0.052
Virginia,51710,Norfolk city,5236,1237,0.052
Virginia,51137,Orange County,682,348,0.041
Virginia,51139,Page County,85,35,0.009
Virginia,51730,Petersburg city,418,333,0.03
Virginia,51143,Pittsylvania County,532,277,0.023
Virginia,51740,Portsmouth city,3568,1312,0.082
Virginia,51145,Powhatan County,595,461,0.038
Virginia,51147,Prince Edward County,65,104,0.009
Virginia,51149,Prince George County,1112,599,0.081
Virginia,51153,Prince William County,20981,1953,0.086
Virginia,51155,Pulaski County,94,115,0.006
Virginia,51760,Richmond city,2464,873,0.02
Virginia,51161,Roanoke County,879,436,0.02
Virginia,51770,Roanoke city,574,342,0.013
Virginia,51163,Rockbridge County,112,119,0.012
Virginia,51165,Rockingham County,268,198,0.007
Virginia,51167,Russell County,250,202,0.027
Virginia,51775,Salem city,236,198,0.019
Virginia,51169,Scott County,226,180,0.03
Virginia,51171,Shenandoah County,489,244,0.024
Virginia,51173,Smyth County,673,374,0.055
Virginia,51177,Spotsylvania County,6752,1037,0.091
Virginia,51179,Stafford County,11122,1428,0.139
Virginia,51790,Staunton city,71,119,0.006
Virginia,51800,Suffolk city,3426,644,0.077
Virginia,51185,Tazewell County,65,86,0.005
Virginia,51810,Virginia Beach city,12324,1471,0.059
Virginia,51187,Warren County,808,337,0.043
Virginia,51191,Washington County,257,257,0.011
Virginia,51820,Waynesboro city,324,347,0.034
Virginia,51840,Winchester city,746,634,0.061
Virginia,51195,Wise County,139,145,0.011
Virginia,51197,Wythe County,62,111,0.005
Virginia,51199,York County,3042,871,0.103
Washington,53001,Adams County,129,137,0.014
Washington,53003,Asotin County,95,120,0.011
Washington,53005,Benton County,2346,746,0.025
Washington,53007,Chelan County,966,462,0.027
Washington,53009,Clallam County,786,403,0.027
Washington,53011,Clark County,4919,838,0.02
Washington,53015,Cowlitz County,508,372,0.011
Washington,53017,Douglas County,477,440,0.024
Washington,53021,Franklin County,1475,613,0.036
Washington,53025,Grant County,1006,566,0.023
Washington,53027,Grays Harbor County,401,277,0.014
Washington,53029,Island County,958,458,0.031
Washington,53031,Jefferson County,487,354,0.038
Washington,53033,King County,13620,1656,0.011
Washington,53035,Kitsap County,12678,1687,0.104
Washington,53037,Kittitas County,216,192,0.011
Washington,53039,Klickitat County,165,152,0.018
Washington,53041,Lewis County,643,456,0.019
Washington,53045,Mason County,769,377,0.032
Washington,53047,Okanogan County,908,458,0.046
Washington,53049,Pacific County,429,375,0.045
Washington,53053,Pierce County,11816,1751,0.028
Washington,53057,Skagit County,947,352,0.016
Washington,53061,Snohomish County,4226,921,0.01
Washington,53063,Spokane County,6104,1246,0.024
Washington,53065,Stevens County,648,305,0.036
Washington,53067,Thurston County,3498,924,0.026
Washington,53071,Walla Walla County,868,365,0.033
Washington,53073,Whatcom County,1886,606,0.017
Washington,53075,Whitman County,210,209,0.009
Washington,53077,Yakima County,3061,953,0.028
West Virginia,54003,Berkeley County,3929,1003,0.062
West Virginia,54005,Boone County,319,313,0.045
West Virginia,54009,Brooke County,84,93,0.009
West Virginia,54011,Cabell County,826,369,0.02
West Virginia,54019,Fayette County,521,296,0.037
West Virginia,54025,Greenbrier County,250,276,0.021
West Virginia,54027,Hampshire County,370,228,0.035
West Virginia,54029,Hancock County,53,65,0.004
West Virginia,54033,Harrison County,1465,543,0.054
West Virginia,54035,Jackson County,138,109,0.013
West Virginia,54037,Jefferson County,1002,372,0.035
West Virginia,54039,Kanawha County,1016,435,0.014
West Virginia,54043,Lincoln County,169,159,0.027
West Virginia,54045,Logan County,62,77,0.006
West Virginia,54049,Marion County,799,382,0.031
West Virginia,54051,Marshall County,322,202,0.024
West Virginia,54053,Mason County,68,114,0.007
West Virginia,54055,Mercer County,217,154,0.01
West Virginia,54057,Mineral County,1165,561,0.105
West Virginia,54061,Monongalia County,1572,587,0.029
West Virginia,54067,Nicholas County,0,140,0
West Virginia,54069,Ohio County,420,307,0.023
West Virginia,54077,Preston County,674,416,0.052
West Virginia,54079,Putnam County,707,440,0.027
West Virginia,54081,Raleigh County,1152,600,0.042
West Virginia,54083,Randolph County,131,137,0.013
West Virginia,54097,Upshur County,355,257,0.042
West Virginia,54099,Wayne County,638,324,0.046
West Virginia,54107,Wood County,1487,397,0.042
Wisconsin,55001,Adams County,81,64,0.01
Wisconsin,55005,Barron County,175,148,0.008
Wisconsin,55009,Brown County,1706,651,0.012
Wisconsin,55015,Calumet County,127,106,0.005
Wisconsin,55017,Chippewa County,222,196,0.007
Wisconsin,55019,Clark County,130,123,0.008
Wisconsin,55021,Columbia County,161,70,0.006
Wisconsin,55025,Dane County,3144,875,0.01
Wisconsin,55027,Dodge County,466,314,0.011
Wisconsin,55029,Door County,35,38,0.002
Wisconsin,55031,Douglas County,218,118,0.01
Wisconsin,55033,Dunn County,192,126,0.008
Wisconsin,55035,Eau Claire County,307,257,0.006
Wisconsin,55039,Fond du Lac County,154,100,0.003
Wisconsin,55043,Grant County,178,97,0.007
Wisconsin,55045,Green County,328,204,0.017
Wisconsin,55049,Iowa County,147,82,0.012
Wisconsin,55053,Jackson County,130,75,0.015
Wisconsin,55055,Jefferson County,356,270,0.008
Wisconsin,55057,Juneau County,117,60,0.01
Wisconsin,55059,Kenosha County,2065,877,0.024
Wisconsin,55061,Kewaunee County,127,83,0.013
Wisconsin,55063,La Crosse County,1010,445,0.016
Wisconsin,55069,Lincoln County,330,411,0.023
Wisconsin,55071,Manitowoc County,289,191,0.007
Wisconsin,55073,Marathon County,224,108,0.003
Wisconsin,55075,Marinette County,105,64,0.006
Wisconsin,55079,Milwaukee County,4182,847,0.009
Wisconsin,55081,Monroe County,1176,351,0.06
Wisconsin,55083,Oconto County,118,87,0.006
Wisconsin,55085,Oneida County,71,57,0.004
Wisconsin,55087,Outagamie County,982,379,0.01
Wisconsin,55089,Ozaukee County,272,182,0.006
Wisconsin,55093,Pierce County,126,109,0.005
Wisconsin,55095,Polk County,152,98,0.007
Wisconsin,55097,Portage County,152,157,0.004
Wisconsin,55101,Racine County,804,379,0.009
Wisconsin,55105,Rock County,684,335,0.009
Wisconsin,55111,Sauk County,254,105,0.007
Wisconsin,55115,Shawano County,249,133,0.013
Wisconsin,55117,Sheboygan County,245,184,0.004
Wisconsin,55109,St. Croix County,525,270,0.01
Wisconsin,55119,Taylor County,82,60,0.009
Wisconsin,55121,Trempealeau County,257,123,0.018
Wisconsin,55123,Vernon County,155,89,0.012
Wisconsin,55125,Vilas County,201,172,0.019
Wisconsin,55127,Walworth County,189,120,0.004
Wisconsin,55131,Washington County,746,482,0.01
Wisconsin,55133,Waukesha County,1873,483,0.009
Wisconsin,55135,Waupaca County,84,62,0.004
Wisconsin,55137,Waushara County,120,80,0.011
Wisconsin,55139,Winnebago County,804,394,0.009
Wisconsin,55141,Wood County,84,92,0.003
Wyoming,56001,Albany County,319,276,0.015
Wyoming,56005,Campbell County,342,322,0.015
Wyoming,56013,Fremont County,689,334,0.04
Wyoming,56021,Laramie County,2282,707,0.051
Wyoming,56023,Lincoln County,285,344,0.03
Wyoming,56025,Natrona County,677,386,0.018
Wyoming,56029,Park County,560,472,0.039
Wyoming,56033,Sheridan County,1141,537,0.071
Wyoming,56037,Sweetwater County,258,246,0.013
Wyoming,56039,Teton County,518,486,0.042
Wyoming,56041,Uinta County,0,143,0
